timestamp,open,high,low,close,volume
2024-01-01 00:00:00,100.0468,100.1132,100.0345,100.0468,5965
2024-01-01 01:00:00,100.3938,100.6093,100.3579,100.5216,2313
2024-01-01 02:00:00,100.3096,100.4672,100.3084,100.3121,10127
2024-01-01 03:00:00,100.7815,100.8761,100.7424,100.7914,1566
2024-01-01 04:00:00,100.8495,100.8984,100.8066,100.8856,10296
2024-01-01 05:00:00,100.7339,100.8747,100.7187,100.8254,6529
2024-01-01 06:00:00,101.0574,101.1772,100.9804,101.0162,10280
2024-01-01 07:00:00,101.0212,101.1205,100.9013,100.9418,8511
2024-01-01 08:00:00,100.6473,100.7297,100.6073,100.6771,2962
2024-01-01 09:00:00,100.6439,100.7232,100.5314,100.7165,7855
2024-01-01 10:00:00,100.4414,100.4609,100.3889,100.4444,8598
2024-01-01 11:00:00,100.6607,100.6676,100.5862,100.6554,4916
2024-01-01 12:00:00,100.5908,100.6488,100.4888,100.6307,6289
2024-01-01 13:00:00,100.4314,100.4376,100.3967,100.4262,1804
2024-01-01 14:00:00,100.1457,100.5551,100.135,100.1803,1875
2024-01-01 15:00:00,100.61,100.7317,100.4841,100.7088,10204
2024-01-01 16:00:00,100.9772,101.0243,100.6301,100.8762,4444
2024-01-01 17:00:00,101.038,101.1389,100.9661,101.1187,3179
2024-01-01 18:00:00,100.844,100.8572,100.7847,100.8471,9918
2024-01-01 19:00:00,100.4178,100.489,100.3507,100.4465,2236
2024-01-01 20:00:00,100.3337,100.4801,100.2501,100.4736,2374
2024-01-01 21:00:00,100.3668,100.4857,100.3157,100.3641,1772
2024-01-01 22:00:00,100.5201,100.7483,100.4814,100.612,6905
2024-01-01 23:00:00,100.4808,100.7942,100.4532,100.5792,10714
2024-01-02 00:00:00,100.6597,100.6864,100.5409,100.657,5447
2024-01-02 01:00:00,100.5185,100.7737,100.5142,100.6471,9863
2024-01-02 02:00:00,100.4308,100.4508,100.4093,100.4441,3298
2024-01-02 03:00:00,100.6526,100.6609,100.5498,100.6473,1461
2024-01-02 04:00:00,100.7593,100.9038,100.7132,100.7309,7029
2024-01-02 05:00:00,101.4626,101.5325,101.4267,101.4636,5370
2024-01-02 06:00:00,101.6482,101.7936,101.6469,101.6617,1275
2024-01-02 07:00:00,101.7931,101.9099,101.6982,101.9087,11425
2024-01-02 08:00:00,101.9143,101.9363,101.8501,101.9123,5745
2024-01-02 09:00:00,101.6274,101.6925,101.5895,101.6168,10161
2024-01-02 10:00:00,101.6423,101.6981,101.5995,101.634,8714
2024-01-02 11:00:00,101.7899,101.8306,101.6841,101.7252,5667
2024-01-02 12:00:00,101.687,101.7074,101.6263,101.7036,4421
2024-01-02 13:00:00,101.6429,101.6449,101.5894,101.6368,1296
2024-01-02 14:00:00,101.3567,101.4017,101.3299,101.3583,9648
2024-01-02 15:00:00,100.7115,100.9294,100.6881,100.8365,3945
2024-01-02 16:00:00,100.9552,101.0011,100.8497,100.956,8507
2024-01-02 17:00:00,101.0933,101.2264,100.9971,101.0558,11242
2024-01-02 18:00:00,100.707,100.7701,100.7036,100.7626,9137
2024-01-02 19:00:00,100.5519,100.5824,100.5254,100.5563,2546
2024-01-02 20:00:00,100.5602,100.5938,100.544,100.5852,6997
2024-01-02 21:00:00,99.946,100.1126,99.9304,99.9399,12193
2024-01-02 22:00:00,100.5536,100.6018,100.5167,100.58,14595
2024-01-02 23:00:00,100.3411,100.5736,100.3268,100.5527,9967
2024-01-03 00:00:00,100.3557,100.5095,100.237,100.4359,9645
2024-01-03 01:00:00,100.5452,100.5941,100.392,100.3949,6614
2024-01-03 02:00:00,100.444,100.506,100.3902,100.4654,7396
2024-01-03 03:00:00,100.6442,100.9199,100.6311,100.7393,10416
2024-01-03 04:00:00,100.742,100.8461,100.5751,100.8309,7343
2024-01-03 05:00:00,100.8584,100.9063,100.828,100.8784,5619
2024-01-03 06:00:00,101.0307,101.0872,100.9251,100.9586,6153
2024-01-03 07:00:00,101.1772,101.225,101.1548,101.2141,1607
2024-01-03 08:00:00,101.3288,101.3465,101.0673,101.0783,1733
2024-01-03 09:00:00,101.5067,101.6326,101.4796,101.5944,5267
2024-01-03 10:00:00,101.4865,101.5799,101.4382,101.5701,4442
2024-01-03 11:00:00,101.3593,101.514,101.311,101.3876,11425
2024-01-03 12:00:00,101.2252,101.3442,101.2239,101.3328,5935
2024-01-03 13:00:00,101.5309,101.5478,101.4954,101.5207,8151
2024-01-03 14:00:00,102.0507,102.0682,101.815,102.0617,10080
2024-01-03 15:00:00,102.0997,102.1439,101.7504,101.8885,8421
2024-01-03 16:00:00,101.9455,101.9725,101.9378,101.9516,8196
2024-01-03 17:00:00,102.3103,102.3761,102.3042,102.3751,3208
2024-01-03 18:00:00,102.1069,102.1377,102.0842,102.1327,6359
2024-01-03 19:00:00,102.5424,102.5721,102.5406,102.5444,5883
2024-01-03 20:00:00,102.1944,102.3173,102.1833,102.2541,1498
2024-01-03 21:00:00,101.4464,101.6887,101.4354,101.6696,10962
2024-01-03 22:00:00,101.8661,101.8669,101.6869,101.8123,5448
2024-01-03 23:00:00,101.4402,101.4821,101.3718,101.4024,10028
2024-01-04 00:00:00,100.8826,100.8859,100.7563,100.8841,13196
2024-01-04 01:00:00,101.0352,101.078,100.8484,101.0056,2023
2024-01-04 02:00:00,100.7879,100.9201,100.776,100.9024,8670
2024-01-04 03:00:00,101.0241,101.0262,100.8599,100.8849,8889
2024-01-04 04:00:00,101.0066,101.0261,100.9895,101.0047,1535
2024-01-04 05:00:00,101.0865,101.1435,100.9156,101.1237,8931
2024-01-04 06:00:00,101.0345,101.0423,100.8716,100.9751,7405
2024-01-04 07:00:00,100.8975,100.9774,100.8936,100.9161,1293
2024-01-04 08:00:00,101.3733,101.4321,101.3008,101.3744,13106
2024-01-04 09:00:00,101.3976,101.4902,101.3121,101.387,2313
2024-01-04 10:00:00,101.8663,101.998,101.8643,101.9112,10526
2024-01-04 11:00:00,101.6292,101.8953,101.6025,101.8152,5761
2024-01-04 12:00:00,102.0837,102.0937,102.0606,102.0869,1440
2024-01-04 13:00:00,101.4558,101.5169,101.4346,101.4724,13912
2024-01-04 14:00:00,100.7749,100.9048,100.7642,100.7823,13446
2024-01-04 15:00:00,101.1839,101.2836,100.9536,101.013,11438
2024-01-04 16:00:00,101.0322,101.1907,100.9945,101.0025,6191
2024-01-04 17:00:00,101.1303,101.3834,101.122,101.2654,8540
2024-01-04 18:00:00,101.482,101.5275,101.4604,101.4666,8927
2024-01-04 19:00:00,101.3188,101.3305,101.238,101.3232,5736
2024-01-04 20:00:00,101.3946,101.4008,101.3198,101.3389,9715
2024-01-04 21:00:00,101.4122,101.6056,101.3993,101.4298,6747
2024-01-04 22:00:00,101.6898,101.7406,101.6563,101.6652,8532
2024-01-04 23:00:00,101.9741,101.9903,101.9663,101.9714,11007
2024-01-05 00:00:00,101.4964,101.5328,101.4763,101.5129,10691
2024-01-05 01:00:00,101.0443,101.1314,100.7895,100.9371,12463
2024-01-05 02:00:00,100.4614,100.5648,100.428,100.4962,6915
2024-01-05 03:00:00,100.6706,100.7673,100.5784,100.7392,5661
2024-01-05 04:00:00,100.5203,100.5257,100.2195,100.2538,10463
2024-01-05 05:00:00,100.6648,100.7592,100.6643,100.7569,4286
2024-01-05 06:00:00,100.9372,100.9823,100.8962,100.9684,9294
2024-01-05 07:00:00,101.4481,101.5175,101.3698,101.4743,4305
2024-01-05 08:00:00,101.6279,101.6851,101.5943,101.6356,1547
2024-01-05 09:00:00,101.1847,101.3041,101.1439,101.2531,5647
2024-01-05 10:00:00,101.085,101.294,101.0601,101.2591,1249
2024-01-05 11:00:00,101.4015,101.4022,101.3183,101.3355,10452
2024-01-05 12:00:00,101.2671,101.3825,101.2483,101.355,7660
2024-01-05 13:00:00,101.4189,101.5008,101.4002,101.4239,1163
2024-01-05 14:00:00,100.853,100.8647,100.8011,100.829,12798
2024-01-05 15:00:00,101.237,101.2937,101.069,101.182,4728
2024-01-05 16:00:00,100.7521,100.9355,100.6976,100.8267,12468
2024-01-05 17:00:00,100.7648,100.814,100.74,100.7503,6905
2024-01-05 18:00:00,101.0017,101.2118,100.9641,101.0413,2308
2024-01-05 19:00:00,101.0736,101.0961,101.0175,101.0563,3086
2024-01-05 20:00:00,101.3919,101.408,101.3289,101.3408,4357
2024-01-05 21:00:00,101.1231,101.1934,100.9975,101.1334,2253
2024-01-05 22:00:00,100.8552,101.0193,100.7142,101.0032,4131
2024-01-05 23:00:00,101.3167,101.3364,101.2646,101.3071,11501
2024-01-06 00:00:00,101.7921,101.8617,101.7795,101.8269,10438
2024-01-06 01:00:00,102.0792,102.0933,101.8788,102.0773,3146
2024-01-06 02:00:00,102.6029,102.6788,102.5647,102.6563,8761
2024-01-06 03:00:00,102.6228,102.6926,102.5734,102.6763,9203
2024-01-06 04:00:00,102.2655,102.3948,102.228,102.3035,2927
2024-01-06 05:00:00,102.6371,102.7163,102.5801,102.7047,10564
2024-01-06 06:00:00,102.5493,102.6277,102.4659,102.6238,5211
2024-01-06 07:00:00,102.271,102.3998,102.259,102.3994,8925
2024-01-06 08:00:00,102.1688,102.2195,101.9662,102.0547,4686
2024-01-06 09:00:00,101.533,101.8821,101.5085,101.7982,11271
2024-01-06 10:00:00,101.0249,101.2249,100.9804,101.1911,13676
2024-01-06 11:00:00,101.2263,101.2445,101.0674,101.1607,1117
2024-01-06 12:00:00,101.3026,101.3705,101.2832,101.3034,10757
2024-01-06 13:00:00,101.3005,101.3196,101.2964,101.3115,4123
2024-01-06 14:00:00,101.5838,101.5963,101.5317,101.5939,8078
2024-01-06 15:00:00,101.5461,101.6679,101.4955,101.65,7326
2024-01-06 16:00:00,101.9468,101.98,101.8679,101.97,10507
2024-01-06 17:00:00,102.1199,102.2503,102.0401,102.1642,6686
2024-01-06 18:00:00,102.0986,102.1219,101.9543,101.9911,2632
2024-01-06 19:00:00,102.4078,102.4283,102.3257,102.3694,5460
2024-01-06 20:00:00,102.6837,102.7545,102.6639,102.7224,4982
2024-01-06 21:00:00,103.112,103.1433,103.1055,103.1158,1487
2024-01-06 22:00:00,103.1884,103.3155,103.1793,103.2345,8447
2024-01-06 23:00:00,103.4564,103.5584,103.4552,103.4694,11864
2024-01-07 00:00:00,103.7428,103.8282,103.6593,103.7561,4825
2024-01-07 01:00:00,103.4655,103.5791,103.3826,103.4521,8943
2024-01-07 02:00:00,103.2817,103.3847,103.216,103.2647,9263
2024-01-07 03:00:00,103.5038,103.5305,103.4619,103.527,5859
2024-01-07 04:00:00,103.5427,103.6475,103.5393,103.5677,3086
2024-01-07 05:00:00,103.8178,103.8199,103.7713,103.7788,1338
2024-01-07 06:00:00,103.3285,103.3711,103.2267,103.3131,12950
2024-01-07 07:00:00,102.9738,103.0063,102.9,102.9289,10954
2024-01-07 08:00:00,102.9012,102.9663,102.8302,102.842,9921
2024-01-07 09:00:00,103.1473,103.1965,102.9925,103.1402,9907
2024-01-07 10:00:00,103.1015,103.1042,102.8817,103.0918,10009
2024-01-07 11:00:00,103.0477,103.0478,102.982,103.0186,4164
2024-01-07 12:00:00,102.915,102.9305,102.8182,102.913,6643
2024-01-07 13:00:00,103.1072,103.1984,102.9377,103.0328,4203
2024-01-07 14:00:00,102.7934,102.9017,102.7435,102.8288,7739
2024-01-07 15:00:00,102.8324,102.9343,102.7219,102.8125,9848
2024-01-07 16:00:00,102.8081,102.8713,102.8033,102.804,3213
2024-01-07 17:00:00,102.7833,102.898,102.59,102.8591,5484
2024-01-07 18:00:00,102.6259,102.872,102.6251,102.7405,9955
2024-01-07 19:00:00,102.7879,102.95,102.7385,102.7474,10308
2024-01-07 20:00:00,102.8359,102.9007,102.7432,102.8979,8788
2024-01-07 21:00:00,102.9483,102.9771,102.9025,102.915,7744
2024-01-07 22:00:00,103.1439,103.2301,103.1321,103.1367,2220
2024-01-07 23:00:00,103.1499,103.1767,103.0552,103.0977,3022
2024-01-08 00:00:00,102.8016,102.9518,102.6356,102.7179,4203
2024-01-08 01:00:00,102.9097,103.0704,102.8804,103.0354,6421
2024-01-08 02:00:00,102.9045,103.1913,102.8757,103.1526,8874
2024-01-08 03:00:00,103.1913,103.3832,103.1824,103.3536,2578
2024-01-08 04:00:00,103.289,103.2925,103.1998,103.2099,11533
2024-01-08 05:00:00,103.2808,103.4637,103.0151,103.385,2841
2024-01-08 06:00:00,103.2969,103.4168,103.1664,103.3838,3455
2024-01-08 07:00:00,103.3707,103.4122,103.275,103.3683,5894
2024-01-08 08:00:00,103.0747,103.2425,103.0738,103.2121,5412
2024-01-08 09:00:00,103.1911,103.3372,103.1401,103.1782,2147
2024-01-08 10:00:00,103.0108,103.0385,102.9998,103.0005,7293
2024-01-08 11:00:00,103.0591,103.0733,103.0347,103.0707,6325
2024-01-08 12:00:00,103.0055,103.035,102.9338,102.9817,9920
2024-01-08 13:00:00,102.94,102.948,102.8854,102.9463,10264
2024-01-08 14:00:00,103.0655,103.3013,103.049,103.2563,5737
2024-01-08 15:00:00,103.4363,103.4589,103.3291,103.3678,3437
2024-01-08 16:00:00,103.5462,103.5556,103.3647,103.3935,2079
2024-01-08 17:00:00,103.6238,103.6518,103.5743,103.6051,7539
2024-01-08 18:00:00,103.7143,103.8065,103.7113,103.7733,7285
2024-01-08 19:00:00,103.5924,103.9561,103.5235,103.6116,5080
2024-01-08 20:00:00,103.8385,103.8843,103.7616,103.7777,10971
2024-01-08 21:00:00,103.7686,103.9245,103.7684,103.8618,3147
2024-01-08 22:00:00,103.7086,103.7544,103.6448,103.6743,7620
2024-01-08 23:00:00,103.7304,103.7601,103.7252,103.7414,2406
2024-01-09 00:00:00,103.838,103.9873,103.8125,103.8305,4834
2024-01-09 01:00:00,103.9921,104.0383,103.9174,104.0023,11122
2024-01-09 02:00:00,104.0491,104.1374,104.0072,104.1345,1108
2024-01-09 03:00:00,104.1813,104.3157,104.1477,104.1759,3330
2024-01-09 04:00:00,104.4782,104.5081,104.4054,104.4949,5226
2024-01-09 05:00:00,104.2903,104.3885,104.198,104.3239,1296
2024-01-09 06:00:00,104.4268,104.5393,104.3017,104.4755,9622
2024-01-09 07:00:00,104.4905,104.5057,104.3871,104.4131,4997
2024-01-09 08:00:00,104.6465,104.6855,104.6447,104.6513,9804
2024-01-09 09:00:00,104.825,104.9454,104.6823,104.8121,11311
2024-01-09 10:00:00,104.7382,104.7754,104.639,104.7403,10095
2024-01-09 11:00:00,104.8416,104.8937,104.6693,104.7826,2723
2024-01-09 12:00:00,105.1051,105.1255,105.0735,105.1046,3156
2024-01-09 13:00:00,104.9928,105.1385,104.902,105.0122,4097
2024-01-09 14:00:00,105.1303,105.222,104.9724,105.0655,1097
2024-01-09 15:00:00,104.9693,105.002,104.9375,104.9534,3095
2024-01-09 16:00:00,105.2619,105.353,105.0911,105.1728,10932
2024-01-09 17:00:00,105.1445,105.2902,105.0742,105.2413,8384
2024-01-09 18:00:00,105.0157,105.0583,104.8096,104.9168,8046
2024-01-09 19:00:00,105.0205,105.2262,104.9792,105.0206,4347
2024-01-09 20:00:00,104.9297,105.0132,104.7299,104.8564,2803
2024-01-09 21:00:00,104.8843,104.9479,104.8763,104.8956,2023
2024-01-09 22:00:00,104.9574,105.0138,104.9314,104.9732,2424
2024-01-09 23:00:00,104.9641,105.1005,104.8382,105.0181,1125
2024-01-10 00:00:00,105.0501,105.0799,105.0184,105.0485,8795
2024-01-10 01:00:00,105.1694,105.275,105.1533,105.1708,3338
2024-01-10 02:00:00,105.3276,105.3508,105.1743,105.2056,6694
2024-01-10 03:00:00,105.4495,105.4769,105.4225,105.4561,5710
2024-01-10 04:00:00,105.5583,105.5643,105.4899,105.5346,4318
2024-01-10 05:00:00,105.3968,105.5793,105.2992,105.3438,1735
2024-01-10 06:00:00,105.6193,105.6357,105.5731,105.6281,4641
2024-01-10 07:00:00,105.8505,105.8996,105.6439,105.8388,2311
2024-01-10 08:00:00,105.8402,105.9093,105.7124,105.777,8964
2024-01-10 09:00:00,105.8199,105.914,105.6049,105.725,7146
2024-01-10 10:00:00,106.0279,106.1394,105.8694,105.9149,9058
2024-01-10 11:00:00,105.7856,105.9788,105.6674,105.9362,3878
2024-01-10 12:00:00,105.9633,106.0487,105.9077,105.9851,7696
2024-01-10 13:00:00,105.7786,105.7836,105.7154,105.7195,1319
2024-01-10 14:00:00,105.565,105.7142,105.5056,105.5697,8434
2024-01-10 15:00:00,105.611,105.9414,105.5785,105.8389,7806
2024-01-10 16:00:00,105.7001,105.8383,105.6422,105.7978,9794
2024-01-10 17:00:00,105.8391,105.9091,105.7534,105.7602,7711
2024-01-10 18:00:00,105.8815,105.9372,105.8665,105.9097,7615
2024-01-10 19:00:00,106.0334,106.0784,105.8732,105.9296,8036
2024-01-10 20:00:00,105.9615,106.0948,105.938,106.0045,1556
2024-01-10 21:00:00,106.0305,106.0883,105.9638,105.9861,4141
2024-01-10 22:00:00,106.1852,106.3896,106.0539,106.2535,9511
2024-01-10 23:00:00,106.251,106.2992,106.1795,106.2604,8041
2024-01-11 00:00:00,106.4186,106.4817,106.3321,106.3731,6740
2024-01-11 01:00:00,106.3092,106.4003,106.175,106.2654,6776
2024-01-11 02:00:00,106.2571,106.3817,106.248,106.355,4881
2024-01-11 03:00:00,106.225,106.3187,106.0884,106.2451,9619
2024-01-11 04:00:00,106.1322,106.1873,105.9828,106.0779,1847
2024-01-11 05:00:00,106.2771,106.3327,106.2653,106.3118,1453
2024-01-11 06:00:00,105.9162,106.3044,105.8633,106.293,8182
2024-01-11 07:00:00,106.0568,106.0711,105.9806,106.0278,5263
2024-01-11 08:00:00,106.1801,106.2316,106.1271,106.1438,5150
2024-01-11 09:00:00,106.2574,106.3063,106.232,106.2603,4236
2024-01-11 10:00:00,106.2752,106.3666,106.2012,106.3006,5487
2024-01-11 11:00:00,106.1229,106.1671,106.0632,106.1221,10960
2024-01-11 12:00:00,106.1311,106.1453,106.0373,106.1243,8818
2024-01-11 13:00:00,106.0452,106.1268,106.0281,106.0967,8582
2024-01-11 14:00:00,106.1323,106.1381,106.0961,106.1348,6977
2024-01-11 15:00:00,106.196,106.2032,106.0495,106.1764,6953
2024-01-11 16:00:00,106.1032,106.1041,106.0782,106.0894,10322
2024-01-11 17:00:00,106.1558,106.4578,106.1201,106.3365,3066
2024-01-11 18:00:00,106.1158,106.1871,106.0233,106.0547,7568
2024-01-11 19:00:00,105.9994,106.0002,105.9488,105.9611,7529
2024-01-11 20:00:00,105.9398,105.9965,105.8479,105.942,7164
2024-01-11 21:00:00,105.7282,105.8476,105.6754,105.7829,6062
2024-01-11 22:00:00,105.6745,105.7033,105.6676,105.6807,2838
2024-01-11 23:00:00,105.8432,105.8492,105.6832,105.7245,9950
2024-01-12 00:00:00,105.8364,106.0196,105.7935,105.9335,8556
2024-01-12 01:00:00,105.9995,106.1263,105.968,105.9782,1833
2024-01-12 02:00:00,105.9332,105.966,105.7551,105.7757,9969
2024-01-12 03:00:00,106.2657,106.3053,106.096,106.2245,5615
2024-01-12 04:00:00,106.296,106.3078,106.246,106.2507,8699
2024-01-12 05:00:00,106.3253,106.3309,106.3054,106.3264,1818
2024-01-12 06:00:00,106.3735,106.4473,106.2941,106.3171,8391
2024-01-12 07:00:00,106.3839,106.6031,106.3744,106.3937,4567
2024-01-12 08:00:00,106.3697,106.4243,106.182,106.3422,10695
2024-01-12 09:00:00,106.089,106.2375,106.0354,106.0397,8744
2024-01-12 10:00:00,106.0984,106.3376,106.0653,106.2328,10350
2024-01-12 11:00:00,106.1624,106.2354,106.1277,106.1412,7405
2024-01-12 12:00:00,106.1378,106.1737,105.983,106.1082,9822
2024-01-12 13:00:00,106.2401,106.3084,106.199,106.2592,8703
2024-01-12 14:00:00,106.1802,106.2322,106.1291,106.1304,6752
2024-01-12 15:00:00,106.2348,106.2465,106.1987,106.2207,1395
2024-01-12 16:00:00,106.3538,106.4396,106.251,106.4367,9003
2024-01-12 17:00:00,106.4612,106.4815,106.3697,106.3936,5452
2024-01-12 18:00:00,106.4131,106.4791,106.2219,106.3793,2802
2024-01-12 19:00:00,106.4675,106.5003,106.2414,106.4061,8851
2024-01-12 20:00:00,106.1111,106.1539,105.9883,106.1342,8198
2024-01-12 21:00:00,106.1699,106.1924,106.0799,106.1028,4238
2024-01-12 22:00:00,106.212,106.3534,106.1271,106.249,4432
2024-01-12 23:00:00,106.3659,106.5975,106.3254,106.4086,9574
2024-01-13 00:00:00,106.7238,106.7644,106.6977,106.7252,3814
2024-01-13 01:00:00,106.8648,106.9175,106.8314,106.8661,4076
2024-01-13 02:00:00,107.1712,107.1808,107.1485,107.1502,1483
2024-01-13 03:00:00,106.9622,107.2939,106.9544,107.0638,4595
2024-01-13 04:00:00,107.2989,107.3816,107.2103,107.2857,7617
2024-01-13 05:00:00,107.2546,107.5076,107.23,107.2913,4230
2024-01-13 06:00:00,107.4718,107.6145,107.4418,107.5519,1827
2024-01-13 07:00:00,107.725,107.7639,107.698,107.7533,10875
2024-01-13 08:00:00,107.837,107.9304,107.7046,107.8621,9661
2024-01-13 09:00:00,108.0815,108.1192,108.0683,108.0901,11522
2024-01-13 10:00:00,108.0774,108.237,108.0528,108.0677,9206
2024-01-13 11:00:00,107.8731,107.9614,107.635,107.8849,2505
2024-01-13 12:00:00,107.4964,107.5014,107.3866,107.3945,6686
2024-01-13 13:00:00,107.6533,107.8049,107.6036,107.786,1981
2024-01-13 14:00:00,107.6041,107.7149,107.5635,107.5872,6413
2024-01-13 15:00:00,107.6723,107.9048,107.5487,107.8691,1740
2024-01-13 16:00:00,107.6215,107.7021,107.6171,107.6527,7616
2024-01-13 17:00:00,107.6213,107.7982,107.5776,107.7023,2992
2024-01-13 18:00:00,107.7559,107.7885,107.6856,107.7417,1661
2024-01-13 19:00:00,107.6757,107.7884,107.6675,107.7531,5791
2024-01-13 20:00:00,107.4588,107.5316,107.4469,107.5031,5173
2024-01-13 21:00:00,107.7385,107.8832,107.6793,107.8398,7815
2024-01-13 22:00:00,107.6363,107.8181,107.6005,107.6724,7008
2024-01-13 23:00:00,107.531,107.5385,107.4766,107.5305,9868
2024-01-14 00:00:00,107.5733,107.5742,107.5642,107.5696,3478
2024-01-14 01:00:00,107.4264,107.4465,107.3336,107.3766,8993
2024-01-14 02:00:00,107.0212,107.0432,106.9829,107.031,7720
2024-01-14 03:00:00,107.4318,107.6132,107.2029,107.271,7582
2024-01-14 04:00:00,107.2054,107.2869,107.1412,107.2309,7378
2024-01-14 05:00:00,107.3343,107.3573,107.3109,107.3558,10614
2024-01-14 06:00:00,107.1047,107.105,107.0018,107.1029,11514
2024-01-14 07:00:00,107.2923,107.4055,107.2807,107.2844,11002
2024-01-14 08:00:00,107.4317,107.4451,107.3708,107.411,8890
2024-01-14 09:00:00,107.3967,107.48,107.326,107.3811,1688
2024-01-14 10:00:00,107.031,107.1606,107.0165,107.0511,3302
2024-01-14 11:00:00,107.2016,107.2597,107.1878,107.232,3718
2024-01-14 12:00:00,107.0044,107.0074,106.8634,106.9547,13230
2024-01-14 13:00:00,107.158,107.2158,107.1315,107.1318,3757
2024-01-14 14:00:00,107.3649,107.3825,107.2505,107.2789,9225
2024-01-14 15:00:00,107.2653,107.2857,107.0742,107.1234,1580
2024-01-14 16:00:00,107.348,107.4016,107.2386,107.33,5341
2024-01-14 17:00:00,107.1412,107.389,107.0685,107.1908,7039
2024-01-14 18:00:00,107.1947,107.3471,107.1904,107.3418,5896
2024-01-14 19:00:00,107.1535,107.1649,107.0379,107.1336,9521
2024-01-14 20:00:00,107.4868,107.5897,107.3077,107.4345,2385
2024-01-14 21:00:00,108.0762,108.1184,107.8779,107.8957,1588
2024-01-14 22:00:00,107.9817,108.1403,107.9456,107.961,3877
2024-01-14 23:00:00,108.071,108.1512,108.0107,108.0483,2615
2024-01-15 00:00:00,107.8693,107.9059,107.8646,107.8684,5328
2024-01-15 01:00:00,108.2396,108.3273,108.1942,108.2161,1800
2024-01-15 02:00:00,108.5306,108.7754,108.4544,108.6188,2468
2024-01-15 03:00:00,108.7568,108.8574,108.568,108.8431,2581
2024-01-15 04:00:00,108.9171,108.9248,108.8547,108.8549,8376
2024-01-15 05:00:00,108.5019,108.5624,108.492,108.5115,11990
2024-01-15 06:00:00,108.1967,108.3852,108.0441,108.2059,9262
2024-01-15 07:00:00,108.7281,108.751,108.728,108.733,8910
2024-01-15 08:00:00,108.4065,108.6746,108.3315,108.4677,8314
2024-01-15 09:00:00,108.2276,108.2679,108.1626,108.1746,5314
2024-01-15 10:00:00,108.3344,108.3425,108.2281,108.247,9648
2024-01-15 11:00:00,108.1233,108.1546,108.0452,108.1117,4989
2024-01-15 12:00:00,108.2798,108.4658,108.2719,108.4409,6406
2024-01-15 13:00:00,108.565,108.6261,108.445,108.4617,3156
2024-01-15 14:00:00,108.9614,108.9976,108.8883,108.9625,4898
2024-01-15 15:00:00,108.8544,108.9165,108.7917,108.809,8959
2024-01-15 16:00:00,108.7492,108.8336,108.6542,108.8029,8068
2024-01-15 17:00:00,109.0044,109.0797,108.9187,108.991,10793
2024-01-15 18:00:00,109.2276,109.2722,109.1885,109.2569,10261
2024-01-15 19:00:00,109.4003,109.4824,109.3383,109.4353,11142
2024-01-15 20:00:00,109.6722,109.7764,109.6072,109.6834,5526
2024-01-15 21:00:00,109.8421,109.9128,109.809,109.8694,2406
2024-01-15 22:00:00,110.1926,110.3317,110.0873,110.1222,7597
2024-01-15 23:00:00,110.0334,110.183,110.0295,110.1287,3368
2024-01-16 00:00:00,110.2345,110.3524,110.0715,110.2287,2295
2024-01-16 01:00:00,110.2549,110.3249,110.1889,110.1926,1480
2024-01-16 02:00:00,109.8933,109.8951,109.8718,109.8814,4363
2024-01-16 03:00:00,109.7137,109.8587,109.6547,109.8383,3328
2024-01-16 04:00:00,109.5439,109.5462,109.1002,109.3434,14017
2024-01-16 05:00:00,108.9515,109.1691,108.8393,109.0178,5730
2024-01-16 06:00:00,109.974,110.0152,109.7602,109.851,4264
2024-01-16 07:00:00,109.6159,109.6923,109.5371,109.6422,11382
2024-01-16 08:00:00,109.7845,109.7846,109.6142,109.6399,7989
2024-01-16 09:00:00,109.2593,109.3861,109.0519,109.1191,4805
2024-01-16 10:00:00,109.3043,109.3125,109.0839,109.2918,9590
2024-01-16 11:00:00,109.103,109.3861,109.0918,109.3113,1570
2024-01-16 12:00:00,109.4067,109.4098,109.3093,109.4047,6000
2024-01-16 13:00:00,109.344,109.3501,109.3059,109.3319,9076
2024-01-16 14:00:00,110.3897,110.5229,110.1852,110.4954,14888
2024-01-16 15:00:00,111.1217,111.1244,110.9824,111.0403,4642
2024-01-16 16:00:00,111.685,111.6858,111.4849,111.4969,11649
2024-01-16 17:00:00,112.0619,112.0783,111.9249,111.9344,9047
2024-01-16 18:00:00,112.0717,112.4673,112.064,112.2563,5169
2024-01-16 19:00:00,112.3391,112.4468,112.1439,112.3922,4979
2024-01-16 20:00:00,112.3766,112.4529,112.2452,112.2596,5532
2024-01-16 21:00:00,112.1634,112.2229,112.0486,112.1822,5279
2024-01-16 22:00:00,111.8052,111.9545,111.7471,111.8897,3588
2024-01-16 23:00:00,111.628,111.7014,111.6188,111.6855,7779
2024-01-17 00:00:00,111.8029,111.8917,111.7878,111.8616,3946
2024-01-17 01:00:00,111.1835,111.2864,111.141,111.1631,9961
2024-01-17 02:00:00,111.1389,111.2257,110.9841,111.2207,2785
2024-01-17 03:00:00,111.1012,111.149,110.9502,110.9875,1236
2024-01-17 04:00:00,109.9089,110.1116,109.8932,110.0423,14439
2024-01-17 05:00:00,110.4362,110.5775,110.3785,110.4906,4512
2024-01-17 06:00:00,110.6291,110.6714,110.6123,110.6202,8904
2024-01-17 07:00:00,109.8972,110.111,109.8972,110.0065,4319
2024-01-17 08:00:00,110.2546,110.442,110.2333,110.3085,6694
2024-01-17 09:00:00,110.7139,110.7455,110.596,110.7293,4289
2024-01-17 10:00:00,110.8064,110.9039,110.8021,110.8596,9500
2024-01-17 11:00:00,111.0896,111.0979,110.8536,111.0395,7561
2024-01-17 12:00:00,111.1186,111.1325,111.0944,111.1325,2361
2024-01-17 13:00:00,110.7588,110.7952,110.5238,110.653,3851
2024-01-17 14:00:00,110.4271,110.4714,110.2806,110.3601,11239
2024-01-17 15:00:00,110.3029,110.4585,110.2111,110.4262,5146
2024-01-17 16:00:00,110.1178,110.2215,110.0743,110.0944,9181
2024-01-17 17:00:00,110.7386,110.7413,110.635,110.6406,2263
2024-01-17 18:00:00,110.3971,110.4646,110.3579,110.3641,6653
2024-01-17 19:00:00,110.4392,110.6094,110.4203,110.5504,5564
2024-01-17 20:00:00,110.5823,110.6425,110.5604,110.6199,10374
2024-01-17 21:00:00,110.5305,110.5462,110.4801,110.5102,4080
2024-01-17 22:00:00,110.6325,110.7227,110.58,110.606,5370
2024-01-17 23:00:00,110.4275,110.4991,110.2247,110.286,5710
2024-01-18 00:00:00,111.1058,111.1383,110.8689,111.0509,4858
2024-01-18 01:00:00,111.5856,111.5958,111.5493,111.5706,15527
2024-01-18 02:00:00,111.6862,111.7283,111.6483,111.6531,10477
2024-01-18 03:00:00,111.8634,111.9242,111.8584,111.8825,7882
2024-01-18 04:00:00,112.2634,112.2687,111.9789,112.1317,7423
2024-01-18 05:00:00,111.8074,111.8387,111.6743,111.83,1558
2024-01-18 06:00:00,112.0072,112.0734,111.8597,112.0586,9457
2024-01-18 07:00:00,111.5548,111.8377,111.5109,111.8239,3298
2024-01-18 08:00:00,111.5977,111.6485,111.4359,111.5522,3549
2024-01-18 09:00:00,111.7557,111.8141,111.385,111.5915,1558
2024-01-18 10:00:00,111.3399,111.477,111.2334,111.378,1832
2024-01-18 11:00:00,111.5848,111.5968,111.5472,111.5552,10337
2024-01-18 12:00:00,111.3927,111.4241,111.2806,111.4183,8485
2024-01-18 13:00:00,110.8175,110.8423,110.6915,110.8098,13259
2024-01-18 14:00:00,110.4283,110.4728,110.3086,110.3243,7420
2024-01-18 15:00:00,110.2588,110.4869,110.2282,110.3029,10144
2024-01-18 16:00:00,111.1152,111.4917,111.0776,111.0911,17323
2024-01-18 17:00:00,111.1851,111.2343,111.1577,111.218,10190
2024-01-18 18:00:00,111.7795,111.8127,111.4731,111.771,6286
2024-01-18 19:00:00,111.5861,111.5936,111.4208,111.4464,3007
2024-01-18 20:00:00,111.4199,111.5444,111.3269,111.3979,2365
2024-01-18 21:00:00,111.9732,111.9796,111.8599,111.9668,8105
2024-01-18 22:00:00,111.8767,112.0122,111.6808,111.7425,1685
2024-01-18 23:00:00,111.8104,111.8395,111.7938,111.8073,3511
2024-01-19 00:00:00,111.484,111.5554,111.4451,111.536,1616
2024-01-19 01:00:00,111.6777,111.7709,111.641,111.6963,1882
2024-01-19 02:00:00,111.7939,112.2808,111.7621,111.95,9386
2024-01-19 03:00:00,112.2674,112.3906,112.2607,112.2855,5009
2024-01-19 04:00:00,112.5364,112.6603,112.3429,112.6273,9259
2024-01-19 05:00:00,112.2779,112.4526,112.2529,112.3202,9331
2024-01-19 06:00:00,112.0031,112.3299,111.9753,112.1684,4981
2024-01-19 07:00:00,112.5633,112.6419,112.4304,112.5323,4771
2024-01-19 08:00:00,111.8845,112.0617,111.8643,111.9657,5126
2024-01-19 09:00:00,112.2461,112.2614,112.1727,112.2345,9889
2024-01-19 10:00:00,112.1193,112.1685,112.0217,112.0448,4920
2024-01-19 11:00:00,111.9422,112.04,111.8166,112.0282,5810
2024-01-19 12:00:00,112.0331,112.079,111.5868,111.5947,9748
2024-01-19 13:00:00,111.9967,112.0586,111.8488,112.0202,8243
2024-01-19 14:00:00,112.5152,112.7311,112.3141,112.3635,4450
2024-01-19 15:00:00,112.3533,112.3688,112.2875,112.3426,4793
2024-01-19 16:00:00,112.6089,112.6716,112.5251,112.6471,7111
2024-01-19 17:00:00,112.1778,112.3683,112.1408,112.1833,8226
2024-01-19 18:00:00,111.883,112.0583,111.7951,111.988,9998
2024-01-19 19:00:00,111.532,111.6777,111.4515,111.4704,6258
2024-01-19 20:00:00,111.3402,111.3488,111.194,111.2933,6075
2024-01-19 21:00:00,111.0969,111.1188,111.019,111.0974,9845
2024-01-19 22:00:00,111.0257,111.028,110.9131,110.9209,7321
2024-01-19 23:00:00,110.551,110.5719,110.5248,110.5337,6707
2024-01-20 00:00:00,110.3073,110.3195,110.2724,110.3021,8721
2024-01-20 01:00:00,110.8822,110.9317,110.8781,110.8821,11101
2024-01-20 02:00:00,110.7282,110.804,110.5885,110.6461,4363
2024-01-20 03:00:00,111.082,111.1964,110.9342,111.0523,10995
2024-01-20 04:00:00,110.7749,110.7984,110.6233,110.789,10076
2024-01-20 05:00:00,110.4409,110.453,110.2541,110.2555,3062
2024-01-20 06:00:00,110.607,110.7802,110.6043,110.7068,2457
2024-01-20 07:00:00,111.1065,111.173,111.0877,111.1496,4196
2024-01-20 08:00:00,111.2267,111.3319,111.2159,111.3027,9215
2024-01-20 09:00:00,111.192,111.2052,111.1331,111.1701,9516
2024-01-20 10:00:00,111.6174,111.6752,111.508,111.6448,2995
2024-01-20 11:00:00,111.7225,111.8426,111.6779,111.7186,10413
2024-01-20 12:00:00,111.323,111.4606,111.2414,111.3144,3070
2024-01-20 13:00:00,111.8289,111.8362,111.7276,111.7867,3963
2024-01-20 14:00:00,111.357,111.3999,111.3458,111.3891,1746
2024-01-20 15:00:00,111.7692,111.7945,111.5524,111.7138,5470
2024-01-20 16:00:00,112.153,112.2545,112.0771,112.1556,9534
2024-01-20 17:00:00,111.9087,111.9964,111.8387,111.8421,9576
2024-01-20 18:00:00,111.5577,111.7427,111.5085,111.5744,5433
2024-01-20 19:00:00,111.5104,111.7387,111.43,111.4793,6199
2024-01-20 20:00:00,111.8027,111.8581,111.7581,111.8387,1521
2024-01-20 21:00:00,111.9201,111.9643,111.8653,111.8906,1158
2024-01-20 22:00:00,112.2019,112.2129,112.0856,112.2069,8443
2024-01-20 23:00:00,112.3268,112.5159,112.2698,112.3482,9371
2024-01-21 00:00:00,112.7493,112.8056,112.407,112.6768,8550
2024-01-21 01:00:00,112.5389,112.6037,112.4881,112.5587,2719
2024-01-21 02:00:00,112.8826,112.938,112.8408,112.9128,2034
2024-01-21 03:00:00,112.3806,112.4838,112.2709,112.3053,7729
2024-01-21 04:00:00,112.1368,112.3689,112.1047,112.2724,11005
2024-01-21 05:00:00,112.1654,112.2373,112.054,112.099,3459
2024-01-21 06:00:00,112.058,112.1587,111.9236,112.1555,10720
2024-01-21 07:00:00,111.8967,112.0747,111.6869,111.957,8367
2024-01-21 08:00:00,111.7612,111.8171,111.6854,111.6883,1406
2024-01-21 09:00:00,111.2852,111.4001,111.2699,111.3138,4916
2024-01-21 10:00:00,111.3826,111.4073,111.3305,111.3898,1201
2024-01-21 11:00:00,111.2411,111.2807,111.1905,111.2472,5276
2024-01-21 12:00:00,111.4732,111.5103,111.2732,111.3882,8045
2024-01-21 13:00:00,111.2469,111.3987,111.2128,111.3717,6303
2024-01-21 14:00:00,111.2601,111.3769,111.255,111.3134,7441
2024-01-21 15:00:00,111.2453,111.3022,111.1768,111.2999,5764
2024-01-21 16:00:00,111.2702,111.476,111.2121,111.3046,8155
2024-01-21 17:00:00,111.5225,111.6869,111.424,111.5211,4215
2024-01-21 18:00:00,111.6953,111.8261,111.6946,111.8004,8821
2024-01-21 19:00:00,112.0642,112.2405,111.8505,112.0537,5014
2024-01-21 20:00:00,112.2546,112.3142,112.1375,112.1988,3376
2024-01-21 21:00:00,112.4845,112.5001,112.4355,112.4741,12066
2024-01-21 22:00:00,112.4733,112.602,112.3821,112.5388,3610
2024-01-21 23:00:00,112.5595,112.6994,112.5149,112.5545,2996
2024-01-22 00:00:00,112.7057,112.7541,112.6375,112.6531,1433
2024-01-22 01:00:00,112.9411,112.9766,112.8025,112.8499,6463
2024-01-22 02:00:00,113.1757,113.1932,113.0928,113.1393,2248
2024-01-22 03:00:00,112.9579,113.0397,112.7978,112.9949,10507
2024-01-22 04:00:00,112.758,112.818,112.7231,112.7641,10975
2024-01-22 05:00:00,112.7245,112.8536,112.6329,112.829,7247
2024-01-22 06:00:00,112.5654,112.5804,112.4338,112.564,9812
2024-01-22 07:00:00,112.6774,112.9449,112.6495,112.8705,2514
2024-01-22 08:00:00,113.1951,113.205,112.9503,113.1774,5162
2024-01-22 09:00:00,112.7973,112.9343,112.735,112.8654,4447
2024-01-22 10:00:00,112.9055,112.9747,112.833,112.8338,9907
2024-01-22 11:00:00,112.9027,112.9631,112.8167,112.9018,7049
2024-01-22 12:00:00,112.7647,112.9718,112.7032,112.8635,7404
2024-01-22 13:00:00,113.0377,113.1621,112.836,113.0424,7051
2024-01-22 14:00:00,113.0642,113.1972,113.0567,113.1206,4455
2024-01-22 15:00:00,113.3148,113.4452,113.2986,113.4342,5565
2024-01-22 16:00:00,113.3598,113.4049,113.1674,113.2657,1630
2024-01-22 17:00:00,113.3481,113.4316,113.1802,113.3907,5935
2024-01-22 18:00:00,113.3588,113.4441,113.1726,113.4197,8412
2024-01-22 19:00:00,113.1393,113.4099,113.0902,113.2733,4707
2024-01-22 20:00:00,113.0267,113.056,112.9838,113.0345,8793
2024-01-22 21:00:00,113.0623,113.0751,112.9673,113.0625,6998
2024-01-22 22:00:00,113.1208,113.1358,113.0784,113.0949,6889
2024-01-22 23:00:00,113.0921,113.1428,113.0781,113.1228,4357
2024-01-23 00:00:00,113.1491,113.1518,113.042,113.1317,4185
2024-01-23 01:00:00,113.0538,113.1035,112.9926,113.0801,2156
2024-01-23 02:00:00,112.8094,113.0567,112.7816,112.8277,8233
2024-01-23 03:00:00,112.9441,112.9775,112.9375,112.942,5506
2024-01-23 04:00:00,112.9482,113.1089,112.8995,112.9266,5568
2024-01-23 05:00:00,112.8478,113.0616,112.7551,113.0541,7220
2024-01-23 06:00:00,112.9267,113.0401,112.7804,112.9892,2482
2024-01-23 07:00:00,113.0518,113.1021,112.9683,113.0049,6615
2024-01-23 08:00:00,112.8598,113.046,112.8485,112.9312,1805
2024-01-23 09:00:00,112.8564,112.9398,112.7556,112.9383,9667
2024-01-23 10:00:00,112.9105,112.9129,112.6839,112.8876,8533
2024-01-23 11:00:00,112.9193,113.0211,112.8206,112.9175,2247
2024-01-23 12:00:00,112.7438,112.7654,112.6938,112.7236,3851
2024-01-23 13:00:00,112.7048,112.7767,112.6057,112.6894,2674
2024-01-23 14:00:00,112.7784,112.7928,112.7728,112.7754,7497
2024-01-23 15:00:00,112.7352,112.8609,112.7,112.7295,3821
2024-01-23 16:00:00,112.7343,112.9038,112.6342,112.846,5558
2024-01-23 17:00:00,113.0351,113.067,112.949,113.0167,10616
2024-01-23 18:00:00,113.1104,113.2282,112.7537,113.0496,4009
2024-01-23 19:00:00,113.1128,113.1626,112.9631,112.9934,5242
2024-01-23 20:00:00,112.9243,113.0427,112.9194,112.9553,1417
2024-01-23 21:00:00,113.0062,113.035,112.9808,113.0061,6656
2024-01-23 22:00:00,113.2099,113.2635,113.0826,113.2517,1615
2024-01-23 23:00:00,113.2545,113.3988,113.2247,113.23,3055
2024-01-24 00:00:00,113.3547,113.5156,113.1873,113.3519,8127
2024-01-24 01:00:00,113.4577,113.5271,113.0956,113.1649,3841
2024-01-24 02:00:00,113.2447,113.2734,113.1465,113.2626,10048
2024-01-24 03:00:00,112.9486,112.9798,112.8996,112.9156,10730
2024-01-24 04:00:00,112.8514,112.8836,112.6881,112.8694,10220
2024-01-24 05:00:00,112.6715,112.877,112.6517,112.7155,8091
2024-01-24 06:00:00,112.8685,112.9009,112.8003,112.8322,8920
2024-01-24 07:00:00,112.9286,112.951,112.6932,112.7808,1509
2024-01-24 08:00:00,112.9063,112.9703,112.659,112.7456,7155
2024-01-24 09:00:00,112.4567,112.5322,112.43,112.4651,9158
2024-01-24 10:00:00,112.5806,112.5886,112.3356,112.4486,7062
2024-01-24 11:00:00,112.4386,112.5077,112.3033,112.4568,9225
2024-01-24 12:00:00,112.3203,112.4429,112.2796,112.3967,3647
2024-01-24 13:00:00,112.37,112.5268,112.3044,112.3709,7645
2024-01-24 14:00:00,112.2754,112.3482,112.2205,112.3266,8291
2024-01-24 15:00:00,112.2252,112.2633,112.1435,112.2573,4386
2024-01-24 16:00:00,111.9875,112.2004,111.8759,112.1138,3439
2024-01-24 17:00:00,112.0709,112.0865,111.9632,112.0277,9437
2024-01-24 18:00:00,111.9152,112.0482,111.8997,111.9853,1347
2024-01-24 19:00:00,112.044,112.0895,111.9798,112.0046,9044
2024-01-24 20:00:00,112.2537,112.2805,112.0699,112.2361,7729
2024-01-24 21:00:00,112.2139,112.3397,112.1215,112.2947,10272
2024-01-24 22:00:00,112.1068,112.2004,112.1016,112.17,6640
2024-01-24 23:00:00,112.2012,112.2465,112.1009,112.2316,6592
2024-01-25 00:00:00,112.2,112.2569,111.9639,112.0601,10001
2024-01-25 01:00:00,111.9583,111.9728,111.807,111.9008,10125
2024-01-25 02:00:00,112.0721,112.1251,112.0271,112.0569,10186
2024-01-25 03:00:00,112.4018,112.4248,112.0581,112.1724,6196
2024-01-25 04:00:00,112.3504,112.3837,112.2668,112.2748,8983
2024-01-25 05:00:00,112.3673,112.3965,112.3103,112.3169,3081
2024-01-25 06:00:00,112.0891,112.1564,111.983,112.0478,2626
2024-01-25 07:00:00,112.0432,112.1138,111.9936,112.0748,3096
2024-01-25 08:00:00,112.1096,112.13,112.0116,112.0166,5659
2024-01-25 09:00:00,111.9593,112.0118,111.8307,111.8481,6166
2024-01-25 10:00:00,112.139,112.177,112.1157,112.1351,8993
2024-01-25 11:00:00,112.0839,112.1903,111.9633,112.1171,1542
2024-01-25 12:00:00,112.1543,112.1948,112.1066,112.1811,3877
2024-01-25 13:00:00,112.086,112.121,112.0508,112.0813,2534
2024-01-25 14:00:00,111.8701,111.8767,111.8201,111.8517,5132
2024-01-25 15:00:00,111.857,111.8726,111.8151,111.835,1764
2024-01-25 16:00:00,111.8983,111.9663,111.7877,111.8689,6869
2024-01-25 17:00:00,111.6455,111.9333,111.5196,111.6015,2388
2024-01-25 18:00:00,111.6994,111.7444,111.5433,111.5696,8669
2024-01-25 19:00:00,111.7784,111.8008,111.5807,111.5992,7814
2024-01-25 20:00:00,111.4814,111.4919,111.4119,111.4861,8359
2024-01-25 21:00:00,111.2174,111.4134,111.2155,111.3853,10079
2024-01-25 22:00:00,111.2656,111.3413,111.2625,111.3088,7076
2024-01-25 23:00:00,111.6225,111.6897,111.4584,111.5212,3315
2024-01-26 00:00:00,111.2487,111.2714,111.2443,111.2503,1768
2024-01-26 01:00:00,111.1857,111.1948,111.0632,111.0758,4328
2024-01-26 02:00:00,111.0887,111.2009,111.0329,111.1443,8502
2024-01-26 03:00:00,111.0585,111.3009,110.9367,111.0804,7537
2024-01-26 04:00:00,110.9816,111.1502,110.951,110.9807,6148
2024-01-26 05:00:00,110.9847,111.255,110.9459,110.9988,5474
2024-01-26 06:00:00,110.9255,110.9297,110.7578,110.817,2165
2024-01-26 07:00:00,110.9114,110.9902,110.8878,110.9299,8238
2024-01-26 08:00:00,110.776,110.9145,110.7694,110.8647,5091
2024-01-26 09:00:00,110.607,110.9202,110.5654,110.6254,6408
2024-01-26 10:00:00,110.8561,110.9901,110.5898,110.7902,9778
2024-01-26 11:00:00,110.6772,110.7494,110.5867,110.7135,11016
2024-01-26 12:00:00,110.6743,110.7924,110.4531,110.7181,8125
2024-01-26 13:00:00,110.5675,110.6649,110.5563,110.57,8562
2024-01-26 14:00:00,110.5325,110.6113,110.4128,110.5483,3320
2024-01-26 15:00:00,110.7997,110.9466,110.7969,110.8664,1675
2024-01-26 16:00:00,110.8785,111.1001,110.8644,110.8953,9635
2024-01-26 17:00:00,111.029,111.1338,111.0155,111.1334,7416
2024-01-26 18:00:00,110.9107,110.9612,110.6412,110.7957,7302
2024-01-26 19:00:00,110.6948,111.0287,110.6241,110.7438,6729
2024-01-26 20:00:00,110.9978,111.1698,110.9935,111.0574,4511
2024-01-26 21:00:00,111.1376,111.2105,111.1,111.2013,5746
2024-01-26 22:00:00,111.1992,111.2304,111.0386,111.1565,9614
2024-01-26 23:00:00,111.3241,111.493,111.3091,111.4791,8008
2024-01-27 00:00:00,111.3176,111.3531,111.2473,111.3062,4841
2024-01-27 01:00:00,111.6151,111.685,111.5681,111.6533,8597
2024-01-27 02:00:00,111.6251,111.7752,111.6099,111.7446,8311
2024-01-27 03:00:00,111.8193,111.9266,111.7524,111.8685,6139
2024-01-27 04:00:00,111.4461,111.5345,111.4366,111.454,6484
2024-01-27 05:00:00,111.2966,111.3366,111.2928,111.2957,2902
2024-01-27 06:00:00,110.7939,110.9289,110.6648,110.8918,7138
2024-01-27 07:00:00,110.8661,110.9146,110.7826,110.7995,6940
2024-01-27 08:00:00,110.8679,110.9808,110.7842,110.9798,8452
2024-01-27 09:00:00,110.6812,110.8572,110.6765,110.7279,3569
2024-01-27 10:00:00,111.0077,111.0103,110.9387,110.9464,1585
2024-01-27 11:00:00,110.9529,111.0176,110.8318,110.9865,7961
2024-01-27 12:00:00,111.3928,111.4515,111.1251,111.1387,5453
2024-01-27 13:00:00,110.8654,111.0133,110.7996,110.9308,8538
2024-01-27 14:00:00,110.9411,110.9483,110.8251,110.8903,4938
2024-01-27 15:00:00,111.2169,111.2306,111.1717,111.2131,8302
2024-01-27 16:00:00,111.1076,111.2965,111.0443,111.0747,9249
2024-01-27 17:00:00,111.2331,111.2898,110.9821,111.1257,8244
2024-01-27 18:00:00,110.6369,110.7754,110.5442,110.5709,2495
2024-01-27 19:00:00,110.4883,110.6903,110.3553,110.5079,8505
2024-01-27 20:00:00,110.5662,110.7029,110.3759,110.5072,10272
2024-01-27 21:00:00,110.4244,110.5395,110.402,110.503,10900
2024-01-27 22:00:00,110.5284,110.6068,110.4214,110.4854,3408
2024-01-27 23:00:00,110.6475,110.6905,110.5916,110.6814,6665
2024-01-28 00:00:00,110.4182,110.4478,110.3747,110.3806,6380
2024-01-28 01:00:00,110.0066,110.1328,109.8791,109.9301,2931
2024-01-28 02:00:00,110.6773,110.749,110.6499,110.7432,14662
2024-01-28 03:00:00,110.8551,110.9695,110.6811,110.9123,10510
2024-01-28 04:00:00,111.598,111.6396,111.5594,111.6243,14507
2024-01-28 05:00:00,111.8481,111.8861,111.5846,111.5885,2444
2024-01-28 06:00:00,111.1608,111.2755,111.1457,111.1622,2101
2024-01-28 07:00:00,111.0491,111.2335,111.0397,111.1987,5787
2024-01-28 08:00:00,110.9774,111.1148,110.9391,111.1034,4747
2024-01-28 09:00:00,111.0344,111.0626,111.0252,111.0576,6828
2024-01-28 10:00:00,110.5611,110.7062,110.5282,110.5388,5061
2024-01-28 11:00:00,111.2528,111.2818,111.1034,111.2003,7288
2024-01-28 12:00:00,111.3222,111.4037,111.2712,111.3844,4613
2024-01-28 13:00:00,110.8978,111.0367,110.8742,110.9563,2138
2024-01-28 14:00:00,111.5028,111.5327,111.1695,111.452,6812
2024-01-28 15:00:00,111.0958,111.1554,110.9873,110.995,2413
2024-01-28 16:00:00,110.9118,111.0869,110.814,111.0841,7487
2024-01-28 17:00:00,110.9425,111.143,110.9014,110.9148,2152
2024-01-28 18:00:00,111.0195,111.2381,110.9092,110.9674,6560
2024-01-28 19:00:00,110.9354,110.9929,110.9279,110.9598,8996
2024-01-28 20:00:00,111.2199,111.2409,110.9693,110.9891,3263
2024-01-28 21:00:00,111.9351,112.042,111.8837,111.9925,9761
2024-01-28 22:00:00,112.2436,112.3053,112.0755,112.161,4684
2024-01-28 23:00:00,112.369,112.4648,112.1694,112.3521,9178
2024-01-29 00:00:00,112.2974,112.5211,112.2647,112.3696,6046
2024-01-29 01:00:00,113.1068,113.1742,112.949,113.0816,10248
2024-01-29 02:00:00,113.6418,113.7412,113.5186,113.6455,9366
2024-01-29 03:00:00,112.9612,113.1618,112.9521,113.0987,7171
2024-01-29 04:00:00,113.5621,113.6203,113.5067,113.5218,10819
2024-01-29 05:00:00,114.0299,114.0795,114.0188,114.0382,13465
2024-01-29 06:00:00,113.4113,113.4744,113.398,113.434,10091
2024-01-29 07:00:00,113.4128,113.6128,113.2753,113.4512,3169
2024-01-29 08:00:00,113.69,113.718,113.5705,113.6339,6019
2024-01-29 09:00:00,113.8687,114.0137,113.7981,113.8336,3630
2024-01-29 10:00:00,113.7214,113.781,113.6364,113.698,9427
2024-01-29 11:00:00,112.9859,113.1072,112.9529,112.9966,8349
2024-01-29 12:00:00,113.6137,113.6775,113.531,113.6281,6741
2024-01-29 13:00:00,113.8251,113.974,113.8023,113.9119,11057
2024-01-29 14:00:00,113.3797,113.4034,113.0556,113.2714,3310
2024-01-29 15:00:00,113.4716,113.5094,113.1769,113.2272,1879
2024-01-29 16:00:00,113.3323,113.3568,113.2663,113.3184,2176
2024-01-29 17:00:00,112.9228,113.1348,112.8862,112.9376,11757
2024-01-29 18:00:00,112.9874,113.0425,112.7883,113.0194,3849
2024-01-29 19:00:00,112.7028,112.7472,112.558,112.5851,7787
2024-01-29 20:00:00,112.6383,112.6935,112.586,112.5977,4797
2024-01-29 21:00:00,112.5538,112.6083,112.5024,112.5602,3374
2024-01-29 22:00:00,112.4266,112.4535,112.3687,112.3968,9335
2024-01-29 23:00:00,112.5466,112.5716,112.3911,112.4159,9192
2024-01-30 00:00:00,112.5914,112.6148,112.5067,112.5936,5368
2024-01-30 01:00:00,112.8386,112.8759,112.7701,112.8363,5855
2024-01-30 02:00:00,113.0732,113.1129,113.0038,113.0477,3993
2024-01-30 03:00:00,113.5163,113.6844,113.3726,113.631,9281
2024-01-30 04:00:00,113.2175,113.2446,113.1554,113.1878,4611
2024-01-30 05:00:00,113.5382,113.599,113.4963,113.5873,8307
2024-01-30 06:00:00,113.505,113.5385,113.4288,113.4978,6397
2024-01-30 07:00:00,113.6517,113.7708,113.5746,113.6019,3381
2024-01-30 08:00:00,113.7042,113.8144,113.6464,113.7339,3390
2024-01-30 09:00:00,113.311,113.3703,113.2498,113.2665,7614
2024-01-30 10:00:00,113.2575,113.443,113.0482,113.233,2403
2024-01-30 11:00:00,113.148,113.1875,113.075,113.1221,8740
2024-01-30 12:00:00,113.2438,113.2679,113.1115,113.1521,2724
2024-01-30 13:00:00,113.5328,113.7139,113.3665,113.666,9292
2024-01-30 14:00:00,113.8294,113.8361,113.7418,113.7824,1398
2024-01-30 15:00:00,113.594,113.7899,113.5786,113.7358,2296
2024-01-30 16:00:00,113.7807,113.7928,113.7443,113.7576,4085
2024-01-30 17:00:00,113.6339,113.732,113.4296,113.5835,8625
2024-01-30 18:00:00,113.7584,113.7606,113.5886,113.7184,5876
2024-01-30 19:00:00,113.6974,113.7373,113.671,113.7282,3091
2024-01-30 20:00:00,113.3768,113.5247,113.3015,113.4862,1591
2024-01-30 21:00:00,113.0983,113.212,113.0725,113.1322,5516
2024-01-30 22:00:00,113.1462,113.1738,112.8818,113.0258,8992
2024-01-30 23:00:00,112.9305,113.0318,112.8785,112.9872,10073
2024-01-31 00:00:00,112.5237,112.6854,112.5012,112.6181,11818
2024-01-31 01:00:00,112.3486,112.3894,112.2339,112.2555,1224
2024-01-31 02:00:00,111.8965,111.9059,111.8578,111.905,6287
2024-01-31 03:00:00,112.0182,112.0238,111.9046,111.9946,9600
2024-01-31 04:00:00,112.5212,112.5402,112.429,112.5018,13898
2024-01-31 05:00:00,111.8947,112.0336,111.8814,111.9388,8901
2024-01-31 06:00:00,112.4183,112.4393,112.3165,112.3789,12718
2024-01-31 07:00:00,112.9561,113.0957,112.8834,113.0167,5391
2024-01-31 08:00:00,113.3468,113.3999,113.3225,113.3717,5645
2024-01-31 09:00:00,113.2552,113.3101,113.1338,113.2311,9272
2024-01-31 10:00:00,113.0926,113.1378,113.0113,113.0873,3859
2024-01-31 11:00:00,112.8987,112.9559,112.7566,112.7951,7199
2024-01-31 12:00:00,111.8192,112.0972,111.75,111.8932,3291
2024-01-31 13:00:00,112.1811,112.2643,112.1343,112.1456,5936
2024-01-31 14:00:00,111.9784,112.0812,111.9327,112.0702,5964
2024-01-31 15:00:00,112.1454,112.2571,111.8655,111.9596,1932
2024-01-31 16:00:00,112.7923,112.8194,112.4947,112.6012,4514
2024-01-31 17:00:00,112.4131,112.4213,112.4015,112.413,9172
2024-01-31 18:00:00,111.7935,111.9553,111.7362,111.873,9336
2024-01-31 19:00:00,112.1464,112.1703,111.9064,112.0565,9342
2024-01-31 20:00:00,111.4193,111.4477,111.2777,111.4453,11950
2024-01-31 21:00:00,111.5842,111.6053,111.5237,111.5894,2635
2024-01-31 22:00:00,111.4909,111.668,111.3374,111.5421,5714
2024-01-31 23:00:00,110.94,111.0067,110.8599,110.8899,12402
2024-02-01 00:00:00,111.0723,111.1011,110.8184,110.9668,4766
2024-02-01 01:00:00,109.994,110.1831,109.9674,110.0118,10327
2024-02-01 02:00:00,109.8092,109.8721,109.632,109.8377,10514
2024-02-01 03:00:00,109.7717,109.8267,109.588,109.8208,4118
2024-02-01 04:00:00,109.7342,109.8078,109.7182,109.7279,5892
2024-02-01 05:00:00,110.803,110.9112,110.7328,110.8173,17316
2024-02-01 06:00:00,110.3836,110.5249,110.3302,110.4913,2069
2024-02-01 07:00:00,110.1542,110.2103,110.145,110.1637,7037
2024-02-01 08:00:00,110.4093,110.4356,110.3349,110.3657,10298
2024-02-01 09:00:00,110.4574,110.4837,110.4281,110.4425,4496
2024-02-01 10:00:00,110.5702,110.6833,110.5463,110.6432,7194
2024-02-01 11:00:00,110.6512,110.6643,110.6162,110.6605,6214
2024-02-01 12:00:00,110.3857,110.465,110.3837,110.4039,4293
2024-02-01 13:00:00,109.8767,109.9097,109.7882,109.887,9271
2024-02-01 14:00:00,109.7685,109.837,109.5632,109.7836,3710
2024-02-01 15:00:00,109.7617,109.768,109.6862,109.7273,6510
2024-02-01 16:00:00,109.6461,109.77,109.6446,109.7139,9454
2024-02-01 17:00:00,109.655,109.6779,109.6079,109.6315,1119
2024-02-01 18:00:00,109.0325,109.3659,109.0055,109.0438,9933
2024-02-01 19:00:00,109.1375,109.2226,109.0858,109.22,10538
2024-02-01 20:00:00,109.4115,109.4886,109.4083,109.4443,10565
2024-02-01 21:00:00,109.0665,109.2632,108.9758,109.0065,1790
2024-02-01 22:00:00,109.1442,109.164,109.0978,109.1167,7805
2024-02-01 23:00:00,109.421,109.5267,109.0902,109.2132,4848
2024-02-02 00:00:00,109.2469,109.4616,109.2323,109.3051,6572
2024-02-02 01:00:00,109.3726,109.4436,109.2973,109.3118,2238
2024-02-02 02:00:00,109.4108,109.4501,109.3263,109.4417,4217
2024-02-02 03:00:00,109.483,109.4932,109.4532,109.4853,4251
2024-02-02 04:00:00,109.067,109.1522,109.0276,109.1329,2287
2024-02-02 05:00:00,109.3777,109.3949,109.3417,109.3577,5884
2024-02-02 06:00:00,109.3952,109.4056,109.2192,109.4048,7496
2024-02-02 07:00:00,109.1903,109.1924,109.0531,109.0822,6956
2024-02-02 08:00:00,108.9796,109.0854,108.9787,109.0195,9635
2024-02-02 09:00:00,109.3196,109.3825,109.2798,109.365,11504
2024-02-02 10:00:00,109.0542,109.4677,108.9409,109.2715,4692
2024-02-02 11:00:00,108.8353,108.9842,108.8251,108.8867,6582
2024-02-02 12:00:00,108.787,108.8792,108.6226,108.8409,9714
2024-02-02 13:00:00,108.4028,108.5292,108.3207,108.4475,6990
2024-02-02 14:00:00,108.2744,108.3428,108.1393,108.1633,1446
2024-02-02 15:00:00,107.9335,107.943,107.8615,107.8738,8413
2024-02-02 16:00:00,107.8066,107.9419,107.6689,107.6709,6505
2024-02-02 17:00:00,108.1139,108.1486,108.0782,108.131,4842
2024-02-02 18:00:00,108.3015,108.4357,108.1146,108.3708,8241
2024-02-02 19:00:00,108.2713,108.3311,108.2463,108.2866,1885
2024-02-02 20:00:00,108.154,108.1846,108.1517,108.1698,3104
2024-02-02 21:00:00,108.3872,108.472,108.3631,108.3804,9587
2024-02-02 22:00:00,108.3068,108.4158,108.1036,108.2956,8473
2024-02-02 23:00:00,108.2672,108.2937,108.1731,108.23,7661
2024-02-03 00:00:00,108.0231,108.2949,108.008,108.1372,2444
2024-02-03 01:00:00,108.1583,108.2774,108.0285,108.0595,2035
2024-02-03 02:00:00,107.9781,108.0393,107.9244,107.994,9545
2024-02-03 03:00:00,108.0193,108.0744,107.9559,108.0124,7780
2024-02-03 04:00:00,108.0924,108.4496,107.9544,108.4292,3392
2024-02-03 05:00:00,108.4028,108.5788,108.3347,108.4335,2677
2024-02-03 06:00:00,108.2638,108.4638,108.1523,108.1722,7523
2024-02-03 07:00:00,108.2735,108.3367,108.2459,108.3337,7505
2024-02-03 08:00:00,108.0115,108.0838,107.8909,108.0718,12024
2024-02-03 09:00:00,107.857,107.9213,107.8561,107.8729,1715
2024-02-03 10:00:00,108.2085,108.2145,108.0796,108.1115,7958
2024-02-03 11:00:00,108.2004,108.204,108.0407,108.1801,1256
2024-02-03 12:00:00,107.9985,108.0282,107.9386,107.9505,6334
2024-02-03 13:00:00,107.952,108.0261,107.9057,107.9475,1982
2024-02-03 14:00:00,108.1423,108.2282,107.9366,107.9913,8081
2024-02-03 15:00:00,108.1743,108.2597,108.1549,108.174,9697
2024-02-03 16:00:00,108.4166,108.5157,108.3354,108.5023,7296
2024-02-03 17:00:00,108.4964,108.5549,108.447,108.4896,8568
2024-02-03 18:00:00,108.6149,108.6408,108.6027,108.6227,6654
2024-02-03 19:00:00,108.6689,108.715,108.6437,108.6662,7888
2024-02-03 20:00:00,108.8313,108.8983,108.7116,108.8584,1346
2024-02-03 21:00:00,108.7199,108.9874,108.7178,108.8505,5242
2024-02-03 22:00:00,108.9361,109.1169,108.9081,109.1072,1634
2024-02-03 23:00:00,109.0396,109.1094,108.9255,109.0257,4295
2024-02-04 00:00:00,108.9521,108.9913,108.8589,108.8877,5153
2024-02-04 01:00:00,108.6363,108.7742,108.6262,108.6731,4881
2024-02-04 02:00:00,108.9424,108.9518,108.9371,108.9472,7778
2024-02-04 03:00:00,108.9382,108.9912,108.9377,108.9596,3666
2024-02-04 04:00:00,109.1565,109.188,109.0729,109.1526,2314
2024-02-04 05:00:00,108.8674,108.9453,108.7455,108.9284,9230
2024-02-04 06:00:00,108.8418,108.905,108.6773,108.7169,5761
2024-02-04 07:00:00,108.274,108.506,108.2675,108.3746,6170
2024-02-04 08:00:00,108.1863,108.395,108.1136,108.2442,2865
2024-02-04 09:00:00,108.3938,108.4162,108.3164,108.397,2919
2024-02-04 10:00:00,108.4504,108.4926,108.3733,108.428,8812
2024-02-04 11:00:00,108.5287,108.6543,108.5169,108.6359,6700
2024-02-04 12:00:00,108.5413,108.5699,108.5099,108.5499,4652
2024-02-04 13:00:00,108.9275,108.943,108.8262,108.9229,11950
2024-02-04 14:00:00,108.7112,108.8536,108.597,108.8278,4936
2024-02-04 15:00:00,108.8523,108.8831,108.8041,108.87,7855
2024-02-04 16:00:00,109.1901,109.2198,109.1645,109.2081,4581
2024-02-04 17:00:00,108.9314,109.2292,108.9248,108.9527,6183
2024-02-04 18:00:00,109.1002,109.1686,108.8739,109.0955,9918
2024-02-04 19:00:00,109.1005,109.1099,109.0554,109.0936,4165
2024-02-04 20:00:00,109.1573,109.1673,108.9792,109.031,1560
2024-02-04 21:00:00,109.1416,109.1485,109.0682,109.147,6908
2024-02-04 22:00:00,109.2541,109.3534,109.2022,109.3031,8604
2024-02-04 23:00:00,109.2334,109.2417,109.1778,109.2347,9474
2024-02-05 00:00:00,109.0623,109.1507,109.0336,109.083,6847
2024-02-05 01:00:00,109.2113,109.2525,109.1607,109.1784,10019
2024-02-05 02:00:00,109.1517,109.3279,109.134,109.2807,5679
2024-02-05 03:00:00,108.9339,109.0222,108.914,108.9202,5833
2024-02-05 04:00:00,109.1017,109.1019,108.9677,109.0404,4389
2024-02-05 05:00:00,108.9037,109.1384,108.8972,109.0746,7164
2024-02-05 06:00:00,109.0735,109.123,108.9634,109.0087,2209
2024-02-05 07:00:00,109.106,109.1243,108.9947,109.1195,8319
2024-02-05 08:00:00,108.7794,108.8648,108.7388,108.8367,5683
2024-02-05 09:00:00,108.6423,108.7296,108.556,108.721,2601
2024-02-05 10:00:00,108.5628,108.633,108.389,108.4319,6908
2024-02-05 11:00:00,108.5779,108.6133,108.5448,108.5458,6823
2024-02-05 12:00:00,108.4827,108.7444,108.434,108.6461,9088
2024-02-05 13:00:00,108.7406,108.7476,108.6503,108.6664,2259
2024-02-05 14:00:00,108.5041,108.6593,108.4518,108.6417,3397
2024-02-05 15:00:00,108.3274,108.4135,108.3099,108.4102,11751
2024-02-05 16:00:00,108.464,108.5064,108.2732,108.3515,5628
2024-02-05 17:00:00,108.3543,108.3785,108.2603,108.277,4808
2024-02-05 18:00:00,108.2066,108.3011,108.0967,108.2351,3800
2024-02-05 19:00:00,107.862,108.1591,107.8134,107.9602,8623
2024-02-05 20:00:00,108.1141,108.2706,108.0953,108.2322,8879
2024-02-05 21:00:00,108.0532,108.1375,107.9725,108.0084,6477
2024-02-05 22:00:00,108.2958,108.3216,108.2235,108.2483,5788
2024-02-05 23:00:00,108.1673,108.2735,108.1669,108.1842,6042
2024-02-06 00:00:00,108.3977,108.4399,108.3267,108.3432,9125
2024-02-06 01:00:00,108.3119,108.399,108.2932,108.2939,8328
2024-02-06 02:00:00,108.1977,108.3824,108.1808,108.3361,5699
2024-02-06 03:00:00,108.3846,108.4553,108.3582,108.4374,4053
2024-02-06 04:00:00,108.29,108.3795,108.1952,108.3259,6639
2024-02-06 05:00:00,108.2506,108.3,108.0686,108.125,10592
2024-02-06 06:00:00,108.0813,108.2791,108.0396,108.1261,2824
2024-02-06 07:00:00,108.3155,108.3166,108.0224,108.162,7991
2024-02-06 08:00:00,108.2838,108.3199,108.1263,108.2647,8400
2024-02-06 09:00:00,108.0932,108.2425,108.0888,108.1877,9031
2024-02-06 10:00:00,108.0427,108.0564,107.9404,108.0516,9932
2024-02-06 11:00:00,107.8432,108.0237,107.8129,107.8147,10155
2024-02-06 12:00:00,107.8335,107.9898,107.719,107.9135,10191
2024-02-06 13:00:00,107.7897,107.7915,107.6883,107.7278,4969
2024-02-06 14:00:00,107.648,107.7631,107.5661,107.617,7164
2024-02-06 15:00:00,107.5035,107.8116,107.4244,107.6671,4427
2024-02-06 16:00:00,107.7308,107.9575,107.6378,107.9156,1699
2024-02-06 17:00:00,107.6014,107.8251,107.5815,107.6346,4308
2024-02-06 18:00:00,107.758,107.7847,107.7123,107.7516,6922
2024-02-06 19:00:00,107.9113,107.9213,107.7795,107.8446,2706
2024-02-06 20:00:00,107.7747,107.7839,107.6461,107.7746,6024
2024-02-06 21:00:00,107.8564,107.8578,107.7617,107.8258,9954
2024-02-06 22:00:00,107.6397,107.6841,107.5268,107.649,5123
2024-02-06 23:00:00,107.7373,107.8478,107.7279,107.7675,2385
2024-02-07 00:00:00,107.6312,107.6444,107.5785,107.6342,2312
2024-02-07 01:00:00,107.5414,107.6235,107.5319,107.5962,1764
2024-02-07 02:00:00,107.7634,107.7797,107.7023,107.75,2737
2024-02-07 03:00:00,107.698,107.8649,107.6005,107.804,2471
2024-02-07 04:00:00,107.6454,107.7073,107.64,107.6853,3567
2024-02-07 05:00:00,107.7478,107.773,107.6437,107.7536,1402
2024-02-07 06:00:00,107.5133,107.5787,107.4376,107.5085,2946
2024-02-07 07:00:00,107.4628,107.4651,107.4317,107.4539,3743
2024-02-07 08:00:00,107.3323,107.4305,107.1193,107.2759,4925
2024-02-07 09:00:00,107.2448,107.2779,107.0945,107.1929,5892
2024-02-07 10:00:00,107.284,107.354,107.1664,107.2139,8142
2024-02-07 11:00:00,107.283,107.2913,107.1636,107.19,2804
2024-02-07 12:00:00,107.2233,107.3923,107.1638,107.2316,9279
2024-02-07 13:00:00,107.3684,107.377,107.308,107.3169,8171
2024-02-07 14:00:00,107.3132,107.4775,107.2631,107.4001,4559
2024-02-07 15:00:00,107.2204,107.3407,107.2029,107.2618,8167
2024-02-07 16:00:00,107.5302,107.5464,107.4591,107.5408,3679
2024-02-07 17:00:00,107.525,107.5756,107.2426,107.4068,8697
2024-02-07 18:00:00,107.3133,107.3644,107.2405,107.3563,9434
2024-02-07 19:00:00,107.1652,107.3815,107.1393,107.1972,7567
2024-02-07 20:00:00,107.1833,107.2266,107.1717,107.2095,9202
2024-02-07 21:00:00,106.9668,107.2411,106.8149,107.0055,10653
2024-02-07 22:00:00,106.8568,106.8817,106.7781,106.7994,6591
2024-02-07 23:00:00,106.5656,106.575,106.5331,106.5472,7166
2024-02-08 00:00:00,106.4082,106.663,106.3509,106.6071,10009
2024-02-08 01:00:00,106.5433,106.6277,106.5311,106.5483,5153
2024-02-08 02:00:00,106.5545,106.5798,106.5451,106.5695,3577
2024-02-08 03:00:00,106.7232,106.7404,106.6768,106.7104,6747
2024-02-08 04:00:00,106.6769,106.8524,106.607,106.6993,3545
2024-02-08 05:00:00,106.6097,106.6425,106.5946,106.6244,10042
2024-02-08 06:00:00,106.6664,106.7171,106.6376,106.6462,4479
2024-02-08 07:00:00,106.8208,106.8935,106.7518,106.8403,5553
2024-02-08 08:00:00,107.0016,107.0822,106.9192,107.0301,9981
2024-02-08 09:00:00,106.8364,106.8543,106.6212,106.6249,2442
2024-02-08 10:00:00,106.6851,106.6898,106.3397,106.3592,9868
2024-02-08 11:00:00,106.608,106.62,106.547,106.5844,3945
2024-02-08 12:00:00,106.3361,106.3724,106.283,106.3018,3929
2024-02-08 13:00:00,106.1433,106.2327,106.1055,106.1228,10987
2024-02-08 14:00:00,106.1634,106.1716,106.0672,106.077,2390
2024-02-08 15:00:00,106.2185,106.2581,106.1918,106.2528,9191
2024-02-08 16:00:00,106.4197,106.4779,106.3929,106.46,11280
2024-02-08 17:00:00,106.4982,106.5796,106.472,106.5723,2268
2024-02-08 18:00:00,106.3464,106.5049,106.3181,106.4672,4279
2024-02-08 19:00:00,106.0882,106.2449,106.0696,106.1797,7009
2024-02-08 20:00:00,106.4714,106.6448,106.4347,106.5143,8721
2024-02-08 21:00:00,106.5699,106.6588,106.5057,106.5655,3149
2024-02-08 22:00:00,106.5135,106.556,106.4833,106.4956,3610
2024-02-08 23:00:00,106.7524,106.9022,106.7382,106.8143,4203
2024-02-09 00:00:00,106.6158,106.7667,106.61,106.7538,3141
2024-02-09 01:00:00,106.4109,106.5048,106.398,106.4889,3271
2024-02-09 02:00:00,106.5488,106.5675,106.3813,106.5565,4465
2024-02-09 03:00:00,106.7127,106.8387,106.4758,106.5686,3380
2024-02-09 04:00:00,106.5529,106.57,106.4981,106.5494,10428
2024-02-09 05:00:00,106.8237,106.9,106.7657,106.8955,10945
2024-02-09 06:00:00,107.0447,107.1042,106.9046,106.9788,7422
2024-02-09 07:00:00,106.7375,106.7572,106.7336,106.747,2787
2024-02-09 08:00:00,107.011,107.0213,106.9832,106.9952,3446
2024-02-09 09:00:00,107.2032,107.2225,107.1769,107.2064,5838
2024-02-09 10:00:00,107.0635,107.5059,107.0242,107.1173,1422
2024-02-09 11:00:00,107.4927,107.5243,107.2784,107.3368,2820
2024-02-09 12:00:00,107.5467,107.8975,107.4758,107.5559,9679
2024-02-09 13:00:00,107.404,107.473,107.2785,107.4051,5086
2024-02-09 14:00:00,107.5069,107.5297,107.4543,107.4745,1315
2024-02-09 15:00:00,107.6947,107.7203,107.6937,107.7088,6522
2024-02-09 16:00:00,107.8384,107.8643,107.8315,107.8594,9693
2024-02-09 17:00:00,107.8962,108.0012,107.8084,107.9206,5568
2024-02-09 18:00:00,108.094,108.2437,107.8635,108.1211,9979
2024-02-09 19:00:00,108.0716,108.1292,108.0066,108.01,10231
2024-02-09 20:00:00,108.1733,108.235,108.1509,108.221,10463
2024-02-09 21:00:00,108.1699,108.1965,108.0901,108.1639,1809
2024-02-09 22:00:00,108.8447,108.8625,108.6444,108.7405,9707
2024-02-09 23:00:00,108.9738,108.9808,108.9255,108.9288,4342
2024-02-10 00:00:00,108.5766,108.766,108.5671,108.6371,5665
2024-02-10 01:00:00,108.6399,108.6749,108.6241,108.6691,9619
2024-02-10 02:00:00,108.3946,108.5674,108.3747,108.5154,5471
2024-02-10 03:00:00,108.0255,108.0989,107.9194,108.0489,1984
2024-02-10 04:00:00,108.0697,108.136,107.9879,108.0049,4807
2024-02-10 05:00:00,108.4187,108.4519,108.3357,108.3651,5206
2024-02-10 06:00:00,108.4256,108.4769,108.3775,108.3839,3018
2024-02-10 07:00:00,108.6111,108.6367,108.3627,108.4151,9171
2024-02-10 08:00:00,108.6529,108.6649,108.6246,108.6589,6495
2024-02-10 09:00:00,108.8039,108.9004,108.7252,108.8647,6492
2024-02-10 10:00:00,108.869,108.9323,108.7982,108.8152,5950
2024-02-10 11:00:00,108.8866,109.1748,108.8837,108.9404,6375
2024-02-10 12:00:00,108.929,109.0918,108.8667,108.8815,1910
2024-02-10 13:00:00,108.9303,109.0497,108.835,109.0264,10485
2024-02-10 14:00:00,109.1295,109.1318,108.9937,109.1098,4477
2024-02-10 15:00:00,109.1382,109.1421,109.1151,109.1336,6042
2024-02-10 16:00:00,109.2786,109.3177,109.2667,109.3098,7951
2024-02-10 17:00:00,109.6534,109.7005,109.5211,109.6336,1412
2024-02-10 18:00:00,109.4915,109.5681,109.3962,109.5512,1816
2024-02-10 19:00:00,109.2728,109.3866,109.2653,109.352,3026
2024-02-10 20:00:00,109.4476,109.4492,109.3726,109.4259,9493
2024-02-10 21:00:00,108.8332,108.9046,108.7766,108.8194,14314
2024-02-10 22:00:00,108.5559,108.6659,108.4058,108.4461,3354
2024-02-10 23:00:00,108.3489,108.3546,108.338,108.3436,1922
2024-02-11 00:00:00,108.3038,108.3058,108.2804,108.2873,2860
2024-02-11 01:00:00,108.1377,108.1672,108.0798,108.1596,1799
2024-02-11 02:00:00,108.1589,108.3054,108.1513,108.1808,8053
2024-02-11 03:00:00,107.5602,107.6112,107.4439,107.547,9776
2024-02-11 04:00:00,107.4133,107.4463,107.3755,107.4178,3152
2024-02-11 05:00:00,107.5403,107.6298,107.4594,107.5034,7253
2024-02-11 06:00:00,107.8188,107.8397,107.7511,107.7731,11182
2024-02-11 07:00:00,107.6601,107.7462,107.4909,107.6415,8929
2024-02-11 08:00:00,107.5403,107.6142,107.279,107.5362,11242
2024-02-11 09:00:00,107.6275,107.6578,107.5591,107.614,1695
2024-02-11 10:00:00,108.0243,108.03,107.9211,107.9286,2336
2024-02-11 11:00:00,107.9431,108.0436,107.9337,107.9831,4386
2024-02-11 12:00:00,108.2221,108.3271,108.1181,108.1731,11191
2024-02-11 13:00:00,108.275,108.2899,108.1848,108.1941,5344
2024-02-11 14:00:00,107.5933,107.7616,107.41,107.4627,5823
2024-02-11 15:00:00,107.1089,107.1617,107.0383,107.0928,7256
2024-02-11 16:00:00,107.5511,107.5579,107.4571,107.4969,3147
2024-02-11 17:00:00,107.4995,107.5296,107.2923,107.3022,4269
2024-02-11 18:00:00,107.0119,107.0862,106.8706,106.9208,2718
2024-02-11 19:00:00,107.7973,107.817,107.7751,107.7919,4048
2024-02-11 20:00:00,107.5467,107.5717,107.4943,107.5565,3009
2024-02-11 21:00:00,107.7663,107.8599,107.6198,107.7117,1983
2024-02-11 22:00:00,107.6175,107.7573,107.5665,107.6132,3347
2024-02-11 23:00:00,107.7875,107.8206,107.6326,107.7938,11043
2024-02-12 00:00:00,107.7427,107.7822,107.6087,107.6218,8749
2024-02-12 01:00:00,107.3346,107.5209,107.3313,107.4355,1605
2024-02-12 02:00:00,106.8679,106.905,106.8607,106.8857,4361
2024-02-12 03:00:00,107.0487,107.0655,106.9434,107.0017,2115
2024-02-12 04:00:00,107.0102,107.0913,106.9229,107.0218,5989
2024-02-12 05:00:00,107.1136,107.1137,106.9585,107.003,5823
2024-02-12 06:00:00,107.0041,107.0164,106.8866,107.0131,7162
2024-02-12 07:00:00,106.7555,106.919,106.6896,106.8069,6686
2024-02-12 08:00:00,106.7518,106.8547,106.7502,106.7829,6847
2024-02-12 09:00:00,106.8929,106.9286,106.8596,106.8943,8124
2024-02-12 10:00:00,107.1312,107.1413,107.0831,107.1008,11741
2024-02-12 11:00:00,107.4877,107.5345,107.4355,107.4412,6335
2024-02-12 12:00:00,107.0855,107.1406,106.8376,107.1278,10740
2024-02-12 13:00:00,107.049,107.0609,106.9993,107.0306,4399
2024-02-12 14:00:00,107.2492,107.2774,107.1365,107.2678,5270
2024-02-12 15:00:00,107.3554,107.456,107.3307,107.3575,1759
2024-02-12 16:00:00,107.5321,107.6565,107.5085,107.6517,2226
2024-02-12 17:00:00,107.2672,107.3288,107.0869,107.2114,9105
2024-02-12 18:00:00,107.0321,107.0851,106.7194,106.8774,6057
2024-02-12 19:00:00,106.9005,107.1379,106.872,107.0071,5300
2024-02-12 20:00:00,107.201,107.2096,107.1153,107.2056,9701
2024-02-12 21:00:00,107.297,107.4406,107.2042,107.2466,3354
2024-02-12 22:00:00,106.9894,107.1534,106.9063,106.9875,6794
2024-02-12 23:00:00,106.9132,107.0531,106.8801,107.0131,4894
2024-02-13 00:00:00,106.9772,107.0084,106.9168,106.9636,6481
2024-02-13 01:00:00,107.279,107.3245,107.2351,107.3152,5666
2024-02-13 02:00:00,106.7026,106.8783,106.6929,106.7357,9753
2024-02-13 03:00:00,107.0042,107.0818,106.9489,107.0789,4095
2024-02-13 04:00:00,106.7235,106.8386,106.5929,106.6172,1500
2024-02-13 05:00:00,106.9938,107.0649,106.8801,106.8874,5521
2024-02-13 06:00:00,106.5877,106.6424,106.4842,106.5651,5584
2024-02-13 07:00:00,106.8363,106.8924,106.6525,106.7719,9750
2024-02-13 08:00:00,106.9475,107.2211,106.9004,107.1284,5557
2024-02-13 09:00:00,106.7147,107.1295,106.7118,107.0541,9600
2024-02-13 10:00:00,106.3376,106.3996,106.3086,106.3968,9900
2024-02-13 11:00:00,105.5747,105.6154,105.4836,105.6026,6553
2024-02-13 12:00:00,105.3054,105.3184,105.2821,105.313,2482
2024-02-13 13:00:00,105.1878,105.2237,105.0149,105.176,12089
2024-02-13 14:00:00,105.2512,105.2774,105.2398,105.2559,3059
2024-02-13 15:00:00,105.3702,105.373,105.3341,105.3566,10236
2024-02-13 16:00:00,105.2412,105.3347,105.2197,105.3153,3382
2024-02-13 17:00:00,105.2838,105.4185,105.1297,105.1298,4325
2024-02-13 18:00:00,105.0421,105.1612,105.0139,105.0882,8570
2024-02-13 19:00:00,105.3349,105.3508,105.2898,105.3087,2039
2024-02-13 20:00:00,105.4075,105.5323,105.1579,105.2643,5526
2024-02-13 21:00:00,105.1895,105.2301,104.9326,105.2054,4047
2024-02-13 22:00:00,105.6686,105.8886,105.5251,105.76,10911
2024-02-13 23:00:00,105.8201,105.8433,105.7574,105.7592,2614
2024-02-14 00:00:00,106.0837,106.1279,106.0423,106.0842,9346
2024-02-14 01:00:00,106.1803,106.1949,106.0494,106.182,2433
2024-02-14 02:00:00,106.6078,106.7993,106.4864,106.5622,5228
2024-02-14 03:00:00,106.5099,106.5451,106.5092,106.5442,1613
2024-02-14 04:00:00,106.0231,106.1132,105.9099,106.06,3704
2024-02-14 05:00:00,106.2525,106.5004,106.1474,106.1591,8699
2024-02-14 06:00:00,106.6844,106.8875,106.6641,106.8704,10726
2024-02-14 07:00:00,106.6555,106.7027,106.6344,106.6563,4347
2024-02-14 08:00:00,106.2227,106.2955,106.1709,106.2606,9569
2024-02-14 09:00:00,106.1835,106.214,106.0703,106.115,3038
2024-02-14 10:00:00,106.088,106.2065,106.0715,106.1436,5751
2024-02-14 11:00:00,106.1782,106.2058,106.1761,106.1903,6287
2024-02-14 12:00:00,105.9865,106.1793,105.9492,106.0611,1406
2024-02-14 13:00:00,105.9432,106.1841,105.9084,106.1691,10321
2024-02-14 14:00:00,106.7678,106.8131,106.6918,106.7999,8959
2024-02-14 15:00:00,106.5637,106.5898,106.5139,106.532,1263
2024-02-14 16:00:00,106.6825,106.7758,106.4291,106.5289,2000
2024-02-14 17:00:00,106.8463,106.9672,106.6562,106.8503,4836
2024-02-14 18:00:00,106.2282,106.233,106.1903,106.2064,3933
2024-02-14 19:00:00,105.8428,105.8469,105.7371,105.8088,9012
2024-02-14 20:00:00,105.5284,105.9253,105.4438,105.5136,10376
2024-02-14 21:00:00,105.0835,105.264,104.8995,104.9638,2788
2024-02-14 22:00:00,105.1033,105.1592,105.0832,105.139,7369
2024-02-14 23:00:00,104.6025,104.7178,104.5124,104.6686,3829
2024-02-15 00:00:00,104.7934,104.8484,104.7503,104.8034,9503
2024-02-15 01:00:00,104.7341,104.8086,104.7334,104.7667,4084
2024-02-15 02:00:00,104.3088,104.3485,104.046,104.2462,8908
2024-02-15 03:00:00,104.142,104.1538,104.1151,104.147,10564
2024-02-15 04:00:00,104.8423,104.9631,104.7473,104.9271,8933
2024-02-15 05:00:00,104.3777,104.622,104.3647,104.376,11558
2024-02-15 06:00:00,104.787,104.8475,104.6104,104.6293,9732
2024-02-15 07:00:00,104.4167,104.6005,104.3155,104.4069,4044
2024-02-15 08:00:00,104.4495,104.5274,104.416,104.4265,1309
2024-02-15 09:00:00,104.456,104.4763,104.3604,104.4597,6487
2024-02-15 10:00:00,104.4377,104.4903,104.4333,104.4393,1275
2024-02-15 11:00:00,104.565,104.65,104.5162,104.6018,3432
2024-02-15 12:00:00,104.1757,104.4069,104.1578,104.2218,9486
2024-02-15 13:00:00,104.0509,104.3156,104.0036,104.1414,6866
2024-02-15 14:00:00,103.8891,103.9765,103.8195,103.9685,8331
2024-02-15 15:00:00,103.6889,103.8086,103.6083,103.6499,3346
2024-02-15 16:00:00,103.6055,103.6343,103.4259,103.6223,5745
2024-02-15 17:00:00,103.578,103.7668,103.5681,103.6215,5928
2024-02-15 18:00:00,103.6895,103.7769,103.6057,103.6935,9100
2024-02-15 19:00:00,103.5722,103.613,103.4871,103.585,10299
2024-02-15 20:00:00,104.2371,104.2383,104.1582,104.2339,5960
2024-02-15 21:00:00,104.0369,104.1712,103.9873,104.1077,10333
2024-02-15 22:00:00,103.9135,103.9623,103.9077,103.9456,10092
2024-02-15 23:00:00,104.1745,104.2175,104.1091,104.1222,3671
2024-02-16 00:00:00,104.0882,104.1496,103.9552,104.0528,9847
2024-02-16 01:00:00,103.8044,103.8142,103.7829,103.7931,5949
2024-02-16 02:00:00,104.0842,104.1459,103.9095,104.1016,8596
2024-02-16 03:00:00,104.3955,104.4723,104.3699,104.3767,9458
2024-02-16 04:00:00,104.1231,104.215,103.9369,104.2068,11871
2024-02-16 05:00:00,103.9031,104.0942,103.7489,103.8366,3999
2024-02-16 06:00:00,104.1226,104.2523,104.0916,104.1102,7021
2024-02-16 07:00:00,104.226,104.3271,104.1612,104.2302,2329
2024-02-16 08:00:00,104.5213,104.7618,104.455,104.5113,3937
2024-02-16 09:00:00,104.5833,104.6137,104.5743,104.5853,5823
2024-02-16 10:00:00,104.6145,104.6227,104.439,104.5808,8471
2024-02-16 11:00:00,104.4329,104.6225,104.408,104.5231,6630
2024-02-16 12:00:00,104.5636,104.8051,104.4934,104.5735,5532
2024-02-16 13:00:00,104.8209,104.9643,104.8149,104.9496,6879
2024-02-16 14:00:00,104.8984,104.9444,104.8795,104.9013,6826
2024-02-16 15:00:00,105.0035,105.0749,104.9562,105.0152,10927
2024-02-16 16:00:00,104.751,104.7963,104.7064,104.7427,5369
2024-02-16 17:00:00,104.5613,104.5861,104.5242,104.5742,4438
2024-02-16 18:00:00,104.1565,104.361,104.1391,104.1552,9015
2024-02-16 19:00:00,104.2542,104.2882,104.2193,104.2862,7428
2024-02-16 20:00:00,104.3202,104.403,104.2801,104.3546,9624
2024-02-16 21:00:00,104.3731,104.4362,104.3114,104.4314,2425
2024-02-16 22:00:00,104.5638,104.5943,104.4511,104.4592,9664
2024-02-16 23:00:00,104.5045,104.5138,104.2863,104.4981,2132
2024-02-17 00:00:00,104.5031,104.8036,104.3978,104.4321,8057
2024-02-17 01:00:00,104.7115,104.7385,104.6888,104.7133,5660
2024-02-17 02:00:00,104.4957,104.7352,104.4389,104.457,3037
2024-02-17 03:00:00,104.5339,104.5421,104.3298,104.4272,6327
2024-02-17 04:00:00,104.4818,104.5302,104.4482,104.5025,1887
2024-02-17 05:00:00,104.4739,104.5689,104.3613,104.4097,2681
2024-02-17 06:00:00,104.5957,104.6414,104.4778,104.5597,4379
2024-02-17 07:00:00,104.4132,104.6662,104.3692,104.5909,3351
2024-02-17 08:00:00,104.417,104.4351,104.3862,104.4221,5815
2024-02-17 09:00:00,104.4548,104.4932,104.375,104.4243,3204
2024-02-17 10:00:00,104.4668,104.6489,104.4577,104.6202,6024
2024-02-17 11:00:00,104.5437,104.6103,104.4517,104.5951,1990
2024-02-17 12:00:00,104.5816,104.6128,104.5344,104.5576,4427
2024-02-17 13:00:00,104.6103,104.7265,104.5158,104.5834,1690
2024-02-17 14:00:00,104.6612,104.7473,104.6153,104.7052,6968
2024-02-17 15:00:00,104.5781,104.5896,104.4734,104.5606,4518
2024-02-17 16:00:00,104.4141,104.4565,104.3439,104.3502,3130
2024-02-17 17:00:00,104.2776,104.3232,104.2652,104.3091,4890
2024-02-17 18:00:00,104.5592,104.566,104.53,104.5591,9094
2024-02-17 19:00:00,104.6105,104.6901,104.5958,104.6759,5012
2024-02-17 20:00:00,104.6529,104.8655,104.5713,104.7604,10814
2024-02-17 21:00:00,104.8063,104.8357,104.7081,104.7797,5763
2024-02-17 22:00:00,104.7371,104.8813,104.6846,104.8675,4081
2024-02-17 23:00:00,104.6707,104.9325,104.6437,104.8655,8620
2024-02-18 00:00:00,105.005,105.0502,104.8774,104.9019,5554
2024-02-18 01:00:00,105.165,105.1922,105.1077,105.1427,6119
2024-02-18 02:00:00,105.0249,105.1308,105.0212,105.0826,4706
2024-02-18 03:00:00,104.99,105.1683,104.9888,105.0749,4178
2024-02-18 04:00:00,105.0578,105.1205,105.0529,105.1174,2088
2024-02-18 05:00:00,104.9367,104.983,104.8544,104.8614,6017
2024-02-18 06:00:00,104.9808,104.9878,104.964,104.975,2370
2024-02-18 07:00:00,104.8874,105.0164,104.8873,104.9919,3637
2024-02-18 08:00:00,104.8923,105.0159,104.7219,104.7696,2100
2024-02-18 09:00:00,104.8969,105.0071,104.8017,104.9248,5919
2024-02-18 10:00:00,105.0611,105.0737,105.0447,105.0641,6936
2024-02-18 11:00:00,105.1523,105.1629,105.1354,105.1378,2909
2024-02-18 12:00:00,105.1507,105.1834,105.0904,105.1219,1445
2024-02-18 13:00:00,105.159,105.2896,105.0962,105.1608,4744
2024-02-18 14:00:00,105.3808,105.3931,105.21,105.3258,1306
2024-02-18 15:00:00,105.3672,105.4158,105.342,105.4102,2040
2024-02-18 16:00:00,105.3129,105.3184,105.2353,105.2522,9192
2024-02-18 17:00:00,105.2095,105.376,105.203,105.2243,3962
2024-02-18 18:00:00,105.2362,105.2464,105.1768,105.1947,6440
2024-02-18 19:00:00,105.1133,105.1924,104.987,105.0858,3079
2024-02-18 20:00:00,105.3849,105.4556,105.2639,105.4466,6842
2024-02-18 21:00:00,105.3776,105.5041,105.2733,105.4711,3357
2024-02-18 22:00:00,105.5653,105.6078,105.2636,105.3181,8388
2024-02-18 23:00:00,105.3526,105.6152,105.2713,105.5224,5258
2024-02-19 00:00:00,105.4045,105.5151,105.3896,105.3913,4176
2024-02-19 01:00:00,105.6193,105.6542,105.4407,105.55,1381
2024-02-19 02:00:00,105.3339,105.4111,105.3294,105.3456,1641
2024-02-19 03:00:00,105.235,105.4936,105.1771,105.3132,8993
2024-02-19 04:00:00,105.2248,105.4203,105.1013,105.3078,3956
2024-02-19 05:00:00,105.3443,105.3786,105.3024,105.3701,3774
2024-02-19 06:00:00,105.5216,105.5547,105.4909,105.5273,10625
2024-02-19 07:00:00,105.4675,105.5554,105.3828,105.5293,3059
2024-02-19 08:00:00,105.475,105.6104,105.4252,105.5739,9524
2024-02-19 09:00:00,105.5978,105.6201,105.5886,105.6141,8004
2024-02-19 10:00:00,105.6132,105.7178,105.6077,105.608,10886
2024-02-19 11:00:00,105.4298,105.5341,105.4164,105.4648,9401
2024-02-19 12:00:00,105.3679,105.444,105.2392,105.2587,10847
2024-02-19 13:00:00,105.3542,105.4043,105.2801,105.322,1942
2024-02-19 14:00:00,105.0749,105.2494,105.0286,105.0606,2727
2024-02-19 15:00:00,105.3176,105.3556,105.2153,105.3461,3017
2024-02-19 16:00:00,105.2547,105.2621,105.2397,105.2583,1577
2024-02-19 17:00:00,105.3631,105.4315,105.266,105.3093,6495
2024-02-19 18:00:00,105.4018,105.4289,105.3923,105.393,2277
2024-02-19 19:00:00,105.5098,105.5202,105.3868,105.4879,3473
2024-02-19 20:00:00,105.4283,105.5459,105.3332,105.3991,2616
2024-02-19 21:00:00,105.5388,105.6424,105.4949,105.5922,2249
2024-02-19 22:00:00,105.326,105.4757,105.3062,105.3525,4997
2024-02-19 23:00:00,105.3023,105.3612,105.1612,105.3083,3269
2024-02-20 00:00:00,105.217,105.3305,105.2102,105.2911,2327
2024-02-20 01:00:00,105.2268,105.2896,105.0953,105.2453,8267
2024-02-20 02:00:00,105.2513,105.3644,105.194,105.2944,2620
2024-02-20 03:00:00,105.1834,105.2182,105.018,105.0636,8996
2024-02-20 04:00:00,104.9901,105.2153,104.9625,105.1633,1591
2024-02-20 05:00:00,105.2232,105.255,105.0858,105.1761,9502
2024-02-20 06:00:00,105.1985,105.2629,105.1745,105.2162,5003
2024-02-20 07:00:00,105.3277,105.429,105.2608,105.3174,5578
2024-02-20 08:00:00,105.7619,105.7749,105.5222,105.5651,5344
2024-02-20 09:00:00,105.7212,105.8236,105.6941,105.7253,4487
2024-02-20 10:00:00,105.8898,106.0077,105.8505,105.9464,7034
2024-02-20 11:00:00,106.0834,106.0876,106.0008,106.0321,5312
2024-02-20 12:00:00,105.9819,105.9887,105.8503,105.9513,9597
2024-02-20 13:00:00,106.109,106.2099,106.0491,106.0861,2634
2024-02-20 14:00:00,106.1335,106.1599,106.0551,106.067,5078
2024-02-20 15:00:00,106.1549,106.2395,106.1017,106.2333,7702
2024-02-20 16:00:00,106.1992,106.3195,106.079,106.1524,7235
2024-02-20 17:00:00,106.1644,106.3707,106.084,106.2936,10489
2024-02-20 18:00:00,106.2134,106.4164,106.1862,106.337,9062
2024-02-20 19:00:00,106.0719,106.1548,106.0425,106.1367,8026
2024-02-20 20:00:00,106.1797,106.2506,106.1374,106.2145,10206
2024-02-20 21:00:00,106.2022,106.2835,106.0205,106.1268,6375
2024-02-20 22:00:00,106.2949,106.3051,106.0964,106.101,7673
2024-02-20 23:00:00,106.4374,106.5531,106.3706,106.4147,8477
2024-02-21 00:00:00,106.5658,106.6183,106.3757,106.6093,2421
2024-02-21 01:00:00,106.4519,106.4643,106.2656,106.2837,11446
2024-02-21 02:00:00,106.2923,106.3249,106.1473,106.2899,8188
2024-02-21 03:00:00,106.1678,106.3457,106.0957,106.1547,1629
2024-02-21 04:00:00,106.1026,106.2554,106.0256,106.1015,6830
2024-02-21 05:00:00,106.1275,106.2375,106.1124,106.1413,3828
2024-02-21 06:00:00,106.2715,106.5446,106.2707,106.5257,2745
2024-02-21 07:00:00,106.5199,106.7298,106.4481,106.4839,1446
2024-02-21 08:00:00,106.6647,106.7487,106.6547,106.7194,6779
2024-02-21 09:00:00,107.0469,107.0738,106.8654,106.9056,4623
2024-02-21 10:00:00,106.9582,106.9622,106.8,106.9235,6577
2024-02-21 11:00:00,106.6888,106.7797,106.6139,106.746,3935
2024-02-21 12:00:00,106.666,106.7398,106.5409,106.5713,9316
2024-02-21 13:00:00,106.8476,106.9417,106.6571,106.7186,10695
2024-02-21 14:00:00,106.7515,106.7838,106.6699,106.6931,6669
2024-02-21 15:00:00,106.8424,106.9482,106.8068,106.9455,2353
2024-02-21 16:00:00,106.74,106.9883,106.731,106.8133,5701
2024-02-21 17:00:00,106.8396,106.9495,106.6666,106.8635,4756
2024-02-21 18:00:00,107.0356,107.1967,106.9178,107.0288,8876
2024-02-21 19:00:00,107.2259,107.2778,107.1518,107.2586,10161
2024-02-21 20:00:00,107.3141,107.3618,107.2771,107.3435,9192
2024-02-21 21:00:00,107.5068,107.5279,107.3948,107.477,10547
2024-02-21 22:00:00,107.9945,108.1455,107.7806,108.0595,9917
2024-02-21 23:00:00,107.7204,107.8635,107.5723,107.7111,5206
2024-02-22 00:00:00,107.5646,107.6274,107.3796,107.5921,4968
2024-02-22 01:00:00,107.3227,107.4203,107.2974,107.3517,6983
2024-02-22 02:00:00,107.2891,107.362,107.1705,107.3243,2977
2024-02-22 03:00:00,107.2605,107.5134,107.1599,107.22,1898
2024-02-22 04:00:00,107.0384,107.0576,106.9801,107.0429,1380
2024-02-22 05:00:00,107.0716,107.0821,107.0188,107.0498,8306
2024-02-22 06:00:00,106.8792,107.0071,106.8722,106.8936,7374
2024-02-22 07:00:00,106.5896,106.6774,106.426,106.6693,13223
2024-02-22 08:00:00,106.1092,106.2232,106.0368,106.0687,4597
2024-02-22 09:00:00,106.3675,106.4702,106.3183,106.4074,9144
2024-02-22 10:00:00,106.3166,106.3945,106.2777,106.3472,5751
2024-02-22 11:00:00,106.2999,106.5218,106.2155,106.4628,2351
2024-02-22 12:00:00,106.4296,106.493,106.3767,106.4011,2797
2024-02-22 13:00:00,107.0059,107.0943,107.0058,107.0521,9435
2024-02-22 14:00:00,106.6385,106.7889,106.612,106.7132,1975
2024-02-22 15:00:00,106.8621,106.8855,106.7776,106.8066,3170
2024-02-22 16:00:00,106.8265,106.8413,106.7334,106.8372,7237
2024-02-22 17:00:00,106.8508,106.8978,106.725,106.8407,4521
2024-02-22 18:00:00,106.4773,106.4803,106.2842,106.3449,13147
2024-02-22 19:00:00,106.4885,106.653,106.4672,106.5963,2792
2024-02-22 20:00:00,106.6069,106.6774,106.5888,106.6546,2897
2024-02-22 21:00:00,106.4957,106.5651,106.373,106.5561,10244
2024-02-22 22:00:00,106.8033,106.9309,106.6637,106.8726,4884
2024-02-22 23:00:00,107.0663,107.068,107.0435,107.0611,6689
2024-02-23 00:00:00,107.1392,107.206,107.1058,107.1485,1371
2024-02-23 01:00:00,107.3244,107.5136,107.2506,107.5063,3094
2024-02-23 02:00:00,107.5015,107.5409,107.4279,107.5084,2594
2024-02-23 03:00:00,107.1837,107.4282,107.0962,107.2146,1788
2024-02-23 04:00:00,107.6141,107.6512,107.5286,107.5936,8801
2024-02-23 05:00:00,107.3714,107.3957,107.1273,107.1322,6970
2024-02-23 06:00:00,107.4663,107.4939,107.2481,107.3638,8266
2024-02-23 07:00:00,107.3644,107.4175,107.1294,107.3606,8832
2024-02-23 08:00:00,106.9682,107.0489,106.9131,107.0054,5497
2024-02-23 09:00:00,107.4629,107.6445,107.4001,107.5624,1516
2024-02-23 10:00:00,107.6203,107.6587,107.5748,107.6519,8463
2024-02-23 11:00:00,107.7947,108.0301,107.7,107.7886,11198
2024-02-23 12:00:00,108.121,108.3248,108.0825,108.1583,4764
2024-02-23 13:00:00,107.922,108.0194,107.8354,107.9961,4904
2024-02-23 14:00:00,108.1407,108.2043,107.9625,108.1079,4317
2024-02-23 15:00:00,107.8646,107.9643,107.7523,107.826,7207
2024-02-23 16:00:00,108.393,108.3987,108.3875,108.3946,7437
2024-02-23 17:00:00,108.4664,108.5524,108.416,108.4609,2854
2024-02-23 18:00:00,108.3869,108.3931,108.3521,108.3529,3816
2024-02-23 19:00:00,107.9025,108.0376,107.8551,107.9337,12726
2024-02-23 20:00:00,107.6795,107.7389,107.6553,107.7229,3112
2024-02-23 21:00:00,107.5765,107.6472,107.5371,107.5788,9376
2024-02-23 22:00:00,107.1706,107.3662,107.0168,107.0486,9245
2024-02-23 23:00:00,107.7469,107.8232,107.6933,107.7229,4095
2024-02-24 00:00:00,108.4701,108.5062,108.2036,108.3349,4857
2024-02-24 01:00:00,108.1136,108.1399,108.0808,108.1138,7366
2024-02-24 02:00:00,107.9962,108.058,107.9794,107.9841,7577
2024-02-24 03:00:00,107.6652,107.8227,107.5527,107.7278,1436
2024-02-24 04:00:00,107.8273,108.0749,107.6941,107.933,1276
2024-02-24 05:00:00,107.2109,107.3026,107.118,107.1305,10753
2024-02-24 06:00:00,107.3142,107.3989,107.0699,107.3484,4176
2024-02-24 07:00:00,107.4977,107.5252,107.2901,107.4066,2205
2024-02-24 08:00:00,107.5365,107.7436,107.4802,107.6533,2482
2024-02-24 09:00:00,107.9446,108.0483,107.9096,107.9726,11846
2024-02-24 10:00:00,107.5302,107.6955,107.4986,107.5542,12493
2024-02-24 11:00:00,107.4712,107.5084,107.4333,107.4446,4425
2024-02-24 12:00:00,107.542,107.6721,107.5147,107.6654,10518
2024-02-24 13:00:00,107.3505,107.4098,107.1848,107.2104,3888
2024-02-24 14:00:00,107.6452,107.6559,107.6045,107.6111,5048
2024-02-24 15:00:00,107.4694,107.5676,107.4344,107.5085,6549
2024-02-24 16:00:00,107.3238,107.4276,107.1881,107.3011,3165
2024-02-24 17:00:00,106.896,106.9202,106.8929,106.9022,3489
2024-02-24 18:00:00,106.7975,106.9422,106.6488,106.686,4743
2024-02-24 19:00:00,106.5686,106.6842,106.5093,106.535,6143
2024-02-24 20:00:00,106.4315,106.5287,106.4137,106.4903,5283
2024-02-24 21:00:00,105.9799,106.0782,105.9278,106.0263,12903
2024-02-24 22:00:00,105.9912,106.0461,105.9741,106.0193,7603
2024-02-24 23:00:00,105.4235,105.4629,105.3501,105.3872,11455
2024-02-25 00:00:00,105.5001,105.6394,105.4989,105.6085,6593
2024-02-25 01:00:00,105.6238,105.647,105.3558,105.3701,10060
2024-02-25 02:00:00,105.625,105.7271,105.5179,105.7255,6698
2024-02-25 03:00:00,105.4362,105.4765,105.3965,105.408,7641
2024-02-25 04:00:00,105.2021,105.2333,105.0435,105.1923,1946
2024-02-25 05:00:00,105.1014,105.2111,105.0739,105.1359,10054
2024-02-25 06:00:00,105.2999,105.3655,105.2996,105.3606,6807
2024-02-25 07:00:00,105.1193,105.1272,105.035,105.0506,3927
2024-02-25 08:00:00,105.1503,105.2108,105.1101,105.1287,9945
2024-02-25 09:00:00,104.9043,104.9495,104.8851,104.9237,6930
2024-02-25 10:00:00,105.2994,105.3569,105.0948,105.2928,11510
2024-02-25 11:00:00,105.114,105.2449,104.9517,105.2409,6231
2024-02-25 12:00:00,105.9726,106.1061,105.795,105.959,8226
2024-02-25 13:00:00,106.2057,106.3433,106.18,106.277,11411
2024-02-25 14:00:00,106.5474,106.6151,106.4983,106.5832,9408
2024-02-25 15:00:00,106.5085,106.6091,106.327,106.3518,10494
2024-02-25 16:00:00,106.0555,106.102,105.7609,106.0779,12017
2024-02-25 17:00:00,105.8236,105.8523,105.6879,105.8502,8871
2024-02-25 18:00:00,105.6599,105.709,105.4921,105.6819,7570
2024-02-25 19:00:00,105.3788,105.4998,105.3162,105.4603,10320
2024-02-25 20:00:00,104.5526,104.5925,104.4747,104.5444,12565
2024-02-25 21:00:00,104.3618,104.437,104.2702,104.3834,6287
2024-02-25 22:00:00,104.1875,104.3143,104.1254,104.2615,7232
2024-02-25 23:00:00,103.7037,103.743,103.5695,103.6485,6357
2024-02-26 00:00:00,103.939,103.9751,103.9085,103.9512,8437
2024-02-26 01:00:00,104.3952,104.5728,104.3205,104.4504,12383
2024-02-26 02:00:00,104.9679,105.1202,104.8893,104.9588,13348
2024-02-26 03:00:00,104.9912,105.0142,104.7447,104.769,3180
2024-02-26 04:00:00,104.8218,104.8721,104.7745,104.8043,1796
2024-02-26 05:00:00,104.5553,104.8437,104.518,104.8427,2155
2024-02-26 06:00:00,104.5573,104.6032,104.4395,104.4571,2649
2024-02-26 07:00:00,104.9449,104.9487,104.7017,104.7359,2461
2024-02-26 08:00:00,104.3813,104.4706,104.2856,104.3656,3125
2024-02-26 09:00:00,105.0266,105.0935,104.9459,104.9519,15705
2024-02-26 10:00:00,105.0876,105.1396,105.0154,105.1327,1976
2024-02-26 11:00:00,105.3917,105.5448,105.3586,105.5121,2844
2024-02-26 12:00:00,105.4133,105.4668,105.3566,105.3684,4653
2024-02-26 13:00:00,105.7109,105.7588,105.5366,105.7062,7657
2024-02-26 14:00:00,105.6849,105.7158,105.5934,105.6474,1457
2024-02-26 15:00:00,105.8889,105.9159,105.881,105.9024,6875
2024-02-26 16:00:00,106.2179,106.2216,106.1796,106.2138,6724
2024-02-26 17:00:00,105.8998,106.021,105.8825,105.9086,3853
2024-02-26 18:00:00,105.6875,105.7177,105.6107,105.7116,7505
2024-02-26 19:00:00,105.8016,105.937,105.7957,105.8838,4645
2024-02-26 20:00:00,105.9277,105.9319,105.9197,105.9306,5584
2024-02-26 21:00:00,106.2271,106.3013,106.0625,106.2868,12402
2024-02-26 22:00:00,106.3887,106.5844,106.2954,106.4345,8136
2024-02-26 23:00:00,106.8384,106.8454,106.6642,106.7569,10900
2024-02-27 00:00:00,106.432,106.5702,106.2674,106.4179,7356
2024-02-27 01:00:00,105.6578,105.7736,105.6057,105.7158,9178
2024-02-27 02:00:00,106.2532,106.3258,106.1253,106.2795,12004
2024-02-27 03:00:00,106.0481,106.1661,106.0029,106.0902,7527
2024-02-27 04:00:00,106.0981,106.1244,106.0094,106.0809,10110
2024-02-27 05:00:00,106.2657,106.2892,105.9288,105.9319,7713
2024-02-27 06:00:00,105.607,105.6638,105.4731,105.6106,8646
2024-02-27 07:00:00,105.3822,105.3851,105.1978,105.3536,2106
2024-02-27 08:00:00,105.4813,105.484,105.4159,105.4621,5704
2024-02-27 09:00:00,105.3264,105.4383,105.3102,105.4223,1892
2024-02-27 10:00:00,105.8963,105.9001,105.8579,105.8976,2079
2024-02-27 11:00:00,106.2075,106.422,106.1074,106.2495,4398
2024-02-27 12:00:00,106.3172,106.5852,106.2071,106.5181,11399
2024-02-27 13:00:00,106.8192,107.0429,106.6373,106.7412,11472
2024-02-27 14:00:00,106.385,106.3893,106.3733,106.3792,11786
2024-02-27 15:00:00,106.5154,106.7627,106.4796,106.597,2272
2024-02-27 16:00:00,107.0152,107.0255,106.9035,106.9632,8026
2024-02-27 17:00:00,107.4275,107.4631,107.2504,107.3358,5256
2024-02-27 18:00:00,107.34,107.4084,107.302,107.4073,3637
2024-02-27 19:00:00,107.5028,107.6206,107.244,107.4825,7152
2024-02-27 20:00:00,107.5181,107.5807,107.4927,107.5199,5490
2024-02-27 21:00:00,107.5012,107.5813,107.2958,107.3918,3326
2024-02-27 22:00:00,107.1694,107.2123,106.979,107.1971,4323
2024-02-27 23:00:00,107.1771,107.2189,106.9862,107.0802,3873
2024-02-28 00:00:00,107.7919,107.9129,107.5861,107.5919,8298
2024-02-28 01:00:00,107.6157,107.645,107.454,107.5505,10610
2024-02-28 02:00:00,107.6676,107.8128,107.6143,107.6833,7660
2024-02-28 03:00:00,107.7008,107.9849,107.6693,107.9234,2908
2024-02-28 04:00:00,107.8542,107.9149,107.7938,107.9136,7199
2024-02-28 05:00:00,107.5036,107.605,107.4519,107.5758,3210
2024-02-28 06:00:00,107.944,108.0136,107.8241,108.0091,5558
2024-02-28 07:00:00,107.8835,107.9608,107.7084,107.9316,6191
2024-02-28 08:00:00,107.4712,107.5874,107.4154,107.4835,10747
2024-02-28 09:00:00,107.6088,107.6235,107.5042,107.5283,8527
2024-02-28 10:00:00,107.5196,107.5584,107.4774,107.5447,7194
2024-02-28 11:00:00,107.7046,107.7922,107.6762,107.7475,5683
2024-02-28 12:00:00,107.8879,108.0073,107.6624,107.9806,2230
2024-02-28 13:00:00,107.9568,108.1101,107.7805,108.0694,9387
2024-02-28 14:00:00,108.0864,108.1587,107.9867,108.1105,11155
2024-02-28 15:00:00,107.8564,108.0926,107.8544,107.8567,4743
2024-02-28 16:00:00,107.8691,107.9235,107.8,107.8371,5654
2024-02-28 17:00:00,108.1775,108.1941,108.1528,108.1564,1604
2024-02-28 18:00:00,108.435,108.5221,108.4284,108.4845,1269
2024-02-28 19:00:00,108.2057,108.2488,108.2054,108.2146,8843
2024-02-28 20:00:00,108.429,108.462,108.2755,108.3107,9156
2024-02-28 21:00:00,108.3171,108.4756,108.2503,108.4138,9886
2024-02-28 22:00:00,108.272,108.3479,108.0823,108.1008,7610
2024-02-28 23:00:00,108.1838,108.1943,108.1013,108.1276,9760
2024-02-29 00:00:00,108.3434,108.3962,108.2291,108.2324,7238
2024-02-29 01:00:00,108.5122,108.8317,108.4007,108.7091,8980
2024-02-29 02:00:00,108.7143,108.873,108.6925,108.7229,9613
2024-02-29 03:00:00,108.5796,108.675,108.5683,108.5803,9703
2024-02-29 04:00:00,108.5724,108.5887,108.5436,108.557,8274
2024-02-29 05:00:00,108.0057,108.0391,107.9612,108.0067,10584
2024-02-29 06:00:00,108.1259,108.1309,108.1119,108.1225,5680
2024-02-29 07:00:00,107.8455,107.9068,107.8321,107.834,2034
2024-02-29 08:00:00,107.6491,107.7367,107.6246,107.6518,9080
2024-02-29 09:00:00,107.522,107.6536,107.4358,107.506,2666
2024-02-29 10:00:00,107.4625,107.6213,107.4294,107.498,4612
2024-02-29 11:00:00,107.404,107.5548,107.4008,107.4938,10015
2024-02-29 12:00:00,107.4838,107.5518,107.4476,107.4964,9613
2024-02-29 13:00:00,107.3194,107.3221,107.263,107.2699,8935
2024-02-29 14:00:00,107.3864,107.6175,107.3588,107.4893,5977
2024-02-29 15:00:00,107.5938,107.6043,107.5392,107.5771,4034
2024-02-29 16:00:00,107.889,107.9059,107.798,107.8508,5286
2024-02-29 17:00:00,107.7548,107.8642,107.7476,107.7536,2359
2024-02-29 18:00:00,107.9836,108.1116,107.9599,108.1044,5549
2024-02-29 19:00:00,107.9106,108.0317,107.8919,108.0239,5612
2024-02-29 20:00:00,107.6359,107.7461,107.6197,107.7131,1560
2024-02-29 21:00:00,107.9089,108.0406,107.87,107.9536,10000
2024-02-29 22:00:00,108.0015,108.0587,107.841,107.9933,8298
2024-02-29 23:00:00,108.1178,108.1279,107.7669,108.0738,6507
2024-03-01 00:00:00,108.0349,108.0962,107.9863,107.9942,7276
2024-03-01 01:00:00,108.1629,108.207,108.1062,108.1871,5233
2024-03-01 02:00:00,108.027,108.0634,107.9549,107.9859,8729
2024-03-01 03:00:00,108.101,108.1246,108.0788,108.1018,2069
2024-03-01 04:00:00,108.0439,108.1479,107.9262,108.057,7457
2024-03-01 05:00:00,108.255,108.2756,107.8228,108.0395,10094
2024-03-01 06:00:00,108.578,108.6709,108.4596,108.5135,4061
2024-03-01 07:00:00,108.701,108.7407,108.5581,108.6412,1717
2024-03-01 08:00:00,108.5397,108.5498,108.3548,108.3682,7060
2024-03-01 09:00:00,108.4027,108.472,108.223,108.2416,2362
2024-03-01 10:00:00,108.2021,108.4349,108.1032,108.2303,3414
2024-03-01 11:00:00,108.2009,108.28,108.1638,108.253,5324
2024-03-01 12:00:00,108.2645,108.3655,108.2382,108.2636,8682
2024-03-01 13:00:00,108.0552,108.2064,108.0237,108.0242,3394
2024-03-01 14:00:00,107.9564,107.9953,107.928,107.9379,8330
2024-03-01 15:00:00,107.8861,108.0043,107.8419,107.8695,1591
2024-03-01 16:00:00,107.6873,107.8333,107.6359,107.668,2897
2024-03-01 17:00:00,107.7856,107.8771,107.7646,107.7788,2863
2024-03-01 18:00:00,107.8964,107.9814,107.8326,107.9407,5218
2024-03-01 19:00:00,107.9283,107.9962,107.7785,107.951,5888
2024-03-01 20:00:00,107.9368,107.9814,107.9137,107.9665,8200
2024-03-01 21:00:00,108.0454,108.1767,108.0033,108.1753,4897
2024-03-01 22:00:00,108.0956,108.1956,108.0405,108.1677,3412
2024-03-01 23:00:00,108.2853,108.3825,108.1966,108.3495,3697
2024-03-02 00:00:00,108.3292,108.3996,108.2472,108.3989,2851
2024-03-02 01:00:00,108.5402,108.5515,108.4312,108.4362,9710
2024-03-02 02:00:00,108.6972,108.7618,108.6064,108.6123,2949
2024-03-02 03:00:00,108.6758,108.6837,108.5646,108.6036,7015
2024-03-02 04:00:00,108.2544,108.4228,108.1962,108.3308,3033
2024-03-02 05:00:00,108.4081,108.4283,108.3104,108.3401,2721
2024-03-02 06:00:00,108.3677,108.4498,108.2161,108.3848,5470
2024-03-02 07:00:00,108.442,108.5316,108.3545,108.4947,8120
2024-03-02 08:00:00,108.5415,108.556,108.5023,108.5459,3422
2024-03-02 09:00:00,108.6071,108.6414,108.4473,108.5794,3551
2024-03-02 10:00:00,108.6826,108.7638,108.6002,108.7059,9005
2024-03-02 11:00:00,108.6908,108.7244,108.5166,108.7139,9484
2024-03-02 12:00:00,108.2944,108.3309,108.2733,108.3055,7115
2024-03-02 13:00:00,108.0883,108.2572,108.0874,108.16,4876
2024-03-02 14:00:00,108.327,108.3918,108.2375,108.264,7914
2024-03-02 15:00:00,108.2605,108.3685,108.1258,108.2285,7801
2024-03-02 16:00:00,108.2341,108.287,108.203,108.2264,9646
2024-03-02 17:00:00,108.2018,108.247,108.0874,108.1008,5990
2024-03-02 18:00:00,108.359,108.4014,108.2689,108.379,3459
2024-03-02 19:00:00,108.1899,108.3084,108.0833,108.1759,9816
2024-03-02 20:00:00,108.2839,108.2989,108.2633,108.2765,6098
2024-03-02 21:00:00,108.4646,108.4859,108.1398,108.1822,5507
2024-03-02 22:00:00,108.368,108.4177,108.3137,108.38,1250
2024-03-02 23:00:00,108.4713,108.5676,108.2603,108.4988,6348
2024-03-03 00:00:00,108.3727,108.3863,108.3442,108.381,1612
2024-03-03 01:00:00,108.2268,108.3612,108.1603,108.2145,3099
2024-03-03 02:00:00,108.3184,108.6321,108.2131,108.2827,10571
2024-03-03 03:00:00,108.5831,108.6282,108.4012,108.5809,10354
2024-03-03 04:00:00,108.6198,108.8831,108.365,108.658,8255
2024-03-03 05:00:00,108.5409,108.6458,108.4876,108.5774,10019
2024-03-03 06:00:00,108.4678,108.476,108.3106,108.4155,5665
2024-03-03 07:00:00,108.4844,108.6471,108.3571,108.6335,8550
2024-03-03 08:00:00,108.2597,108.3208,108.2302,108.2729,6062
2024-03-03 09:00:00,108.378,108.4529,108.3202,108.3534,2122
2024-03-03 10:00:00,108.3425,108.3576,108.245,108.2486,3141
2024-03-03 11:00:00,108.6107,108.6279,108.5553,108.6064,7978
2024-03-03 12:00:00,108.629,108.643,108.2307,108.4798,7557
2024-03-03 13:00:00,108.5663,108.6523,108.5652,108.5682,11245
2024-03-03 14:00:00,108.7639,108.8871,108.6383,108.8811,10419
2024-03-03 15:00:00,108.457,108.6791,108.4324,108.6599,3407
2024-03-03 16:00:00,108.5403,108.8122,108.5332,108.7125,2794
2024-03-03 17:00:00,108.4782,108.4942,108.3277,108.3959,6792
2024-03-03 18:00:00,108.5215,108.534,108.3867,108.4658,4999
2024-03-03 19:00:00,108.3827,108.4217,108.2906,108.35,8999
2024-03-03 20:00:00,108.4175,108.5808,108.3463,108.5768,3515
2024-03-03 21:00:00,108.6634,108.7845,108.4973,108.5717,7163
2024-03-03 22:00:00,108.6949,108.7384,108.6246,108.6317,1618
2024-03-03 23:00:00,108.6297,108.8002,108.5387,108.666,8454
2024-03-04 00:00:00,108.5117,108.7368,108.4402,108.4901,3283
2024-03-04 01:00:00,108.5484,108.7238,108.4275,108.4901,4745
2024-03-04 02:00:00,108.8035,108.987,108.6456,108.8354,6745
2024-03-04 03:00:00,108.7578,108.9514,108.7376,108.7743,11227
2024-03-04 04:00:00,109.0604,109.2299,109.0577,109.169,9844
2024-03-04 05:00:00,109.0596,109.0792,109.0443,109.0486,2040
2024-03-04 06:00:00,109.2426,109.3823,109.119,109.3625,6939
2024-03-04 07:00:00,109.2438,109.2534,109.1632,109.2433,2357
2024-03-04 08:00:00,109.2199,109.3286,109.2138,109.3052,10697
2024-03-04 09:00:00,109.1385,109.2676,109.0394,109.0694,1722
2024-03-04 10:00:00,109.0697,109.1268,109.0239,109.1138,3246
2024-03-04 11:00:00,109.4079,109.4719,109.3405,109.3724,8232
2024-03-04 12:00:00,109.4041,109.4922,109.335,109.4052,7754
2024-03-04 13:00:00,109.6825,109.7992,109.475,109.6354,3828
2024-03-04 14:00:00,109.6015,109.6331,109.5879,109.5888,6659
2024-03-04 15:00:00,109.4837,109.5099,109.4076,109.5084,5128
2024-03-04 16:00:00,109.539,109.696,109.4647,109.5016,8501
2024-03-04 17:00:00,109.4332,109.4986,109.2579,109.373,2726
2024-03-04 18:00:00,109.4969,109.5422,109.4222,109.46,5789
2024-03-04 19:00:00,109.462,109.4888,109.3915,109.4854,5039
2024-03-04 20:00:00,109.4354,109.6434,109.2874,109.4225,5067
2024-03-04 21:00:00,109.6546,109.7277,109.5887,109.6999,7123
2024-03-04 22:00:00,109.7601,109.833,109.7402,109.7843,6519
2024-03-04 23:00:00,109.5747,109.5764,109.4711,109.4732,3218
2024-03-05 00:00:00,109.6366,109.6464,109.6268,109.6439,10863
2024-03-05 01:00:00,109.6021,109.709,109.4889,109.6459,8668
2024-03-05 02:00:00,109.7806,109.8369,109.6366,109.7361,2377
2024-03-05 03:00:00,110.0722,110.1224,109.8264,109.9331,10279
2024-03-05 04:00:00,110.1511,110.1565,110.0358,110.1164,4500
2024-03-05 05:00:00,110.2164,110.2347,110.2079,110.226,10503
2024-03-05 06:00:00,110.1585,110.1586,110.1218,110.1313,10274
2024-03-05 07:00:00,110.0685,110.2894,109.9749,110.2619,2656
2024-03-05 08:00:00,110.045,110.2183,109.995,110.1526,3676
2024-03-05 09:00:00,110.6144,110.7048,110.5483,110.6714,6316
2024-03-05 10:00:00,110.6959,110.7175,110.548,110.6687,6166
2024-03-05 11:00:00,110.2402,110.3158,110.2251,110.2965,10156
2024-03-05 12:00:00,110.0195,110.0882,109.8557,110.0661,10896
2024-03-05 13:00:00,110.0151,110.3683,109.9262,110.052,6276
2024-03-05 14:00:00,110.0289,110.1128,109.8837,110.0854,5417
2024-03-05 15:00:00,109.9421,110.101,109.8131,109.9128,10177
2024-03-05 16:00:00,110.2632,110.3883,110.1364,110.2535,6277
2024-03-05 17:00:00,110.0603,110.3688,110.043,110.1222,5710
2024-03-05 18:00:00,110.076,110.2422,110.0016,110.1385,10093
2024-03-05 19:00:00,110.0486,110.0917,109.9699,110.0363,8511
2024-03-05 20:00:00,110.003,110.0995,109.8413,109.9153,3319
2024-03-05 21:00:00,109.6888,109.8101,109.4683,109.6034,6329
2024-03-05 22:00:00,109.8759,109.9356,109.6462,109.8735,8604
2024-03-05 23:00:00,109.7997,109.8542,109.7866,109.824,6521
2024-03-06 00:00:00,110.2506,110.3503,110.1005,110.1823,11312
2024-03-06 01:00:00,109.8884,109.913,109.7604,109.7762,8938
2024-03-06 02:00:00,109.8248,110.0151,109.7481,109.8818,6359
2024-03-06 03:00:00,110.0061,110.0682,109.8098,110.0302,10846
2024-03-06 04:00:00,109.8969,109.9051,109.7556,109.7629,6815
2024-03-06 05:00:00,109.6752,109.7051,109.4545,109.5365,7502
2024-03-06 06:00:00,109.4682,109.5076,109.4247,109.5054,4357
2024-03-06 07:00:00,110.4176,110.4311,110.1977,110.2395,16082
2024-03-06 08:00:00,110.7577,110.874,110.74,110.8357,12426
2024-03-06 09:00:00,110.8559,110.8655,110.6355,110.8045,1545
2024-03-06 10:00:00,110.7473,110.9171,110.7276,110.886,8109
2024-03-06 11:00:00,110.5351,110.7462,110.466,110.4685,9044
2024-03-06 12:00:00,110.9951,111.0187,110.9253,110.9685,7088
2024-03-06 13:00:00,110.507,110.6111,110.4279,110.5109,3612
2024-03-06 14:00:00,110.2972,110.3844,110.2798,110.3528,6662
2024-03-06 15:00:00,110.1366,110.2329,109.9795,110.1174,4476
2024-03-06 16:00:00,110.2654,110.2938,110.0794,110.0886,6700
2024-03-06 17:00:00,110.0957,110.2011,110.0501,110.1703,8969
2024-03-06 18:00:00,109.9293,110.0443,109.9158,109.9945,8662
2024-03-06 19:00:00,110.6933,110.7795,110.5268,110.6843,4402
2024-03-06 20:00:00,110.3775,110.6704,110.3347,110.5528,2651
2024-03-06 21:00:00,111.2061,111.2217,111.1113,111.1455,9579
2024-03-06 22:00:00,111.1634,111.1995,111.1204,111.1514,4892
2024-03-06 23:00:00,111.297,111.3483,111.0165,111.1149,3969
2024-03-07 00:00:00,111.6322,111.7337,111.6093,111.6564,5191
2024-03-07 01:00:00,111.9291,112.135,111.6972,111.838,6961
2024-03-07 02:00:00,111.7234,111.7828,111.6822,111.7078,8900
2024-03-07 03:00:00,112.028,112.1274,111.8729,111.8961,5986
2024-03-07 04:00:00,111.7067,111.7412,111.6901,111.7373,6843
2024-03-07 05:00:00,111.8727,111.9073,111.7698,111.8892,4466
2024-03-07 06:00:00,111.7976,111.8068,111.6766,111.7904,2002
2024-03-07 07:00:00,110.9662,111.0503,110.9657,110.9749,10035
2024-03-07 08:00:00,110.9174,111.0641,110.9088,110.9847,6549
2024-03-07 09:00:00,110.7661,110.9389,110.7174,110.799,4093
2024-03-07 10:00:00,110.6878,110.7987,110.6477,110.7341,3329
2024-03-07 11:00:00,111.0539,111.1477,110.9487,111.0066,11987
2024-03-07 12:00:00,111.0383,111.1512,110.9525,111.0596,4324
2024-03-07 13:00:00,111.0154,111.0559,110.9138,111.0176,3934
2024-03-07 14:00:00,111.4937,111.7089,111.47,111.6872,7144
2024-03-07 15:00:00,111.255,111.351,111.1804,111.3007,1637
2024-03-07 16:00:00,111.0699,111.1938,111.0292,111.1497,5721
2024-03-07 17:00:00,110.8985,111.1292,110.8808,111.0792,3340
2024-03-07 18:00:00,110.9669,111.0358,110.9616,110.964,3098
2024-03-07 19:00:00,110.9243,111.1231,110.8793,110.9873,2914
2024-03-07 20:00:00,110.9031,110.9907,110.8606,110.9553,2634
2024-03-07 21:00:00,110.9281,110.9946,110.7289,110.7651,4030
2024-03-07 22:00:00,111.1872,111.2018,111.0713,111.1619,11589
2024-03-07 23:00:00,110.4258,110.6909,110.3688,110.573,12540
2024-03-08 00:00:00,110.6504,110.6612,110.5859,110.6222,4795
2024-03-08 01:00:00,110.4184,110.4985,110.3663,110.4471,8944
2024-03-08 02:00:00,110.6574,110.7085,110.2923,110.6535,3950
2024-03-08 03:00:00,110.0876,110.2257,110.0223,110.1697,7618
2024-03-08 04:00:00,110.2438,110.3572,110.1857,110.3074,5892
2024-03-08 05:00:00,110.0033,110.2044,109.9443,110.1512,3596
2024-03-08 06:00:00,109.7933,109.8014,109.7663,109.7664,12106
2024-03-08 07:00:00,109.8501,109.8928,109.6857,109.7276,5052
2024-03-08 08:00:00,109.9294,110.034,109.9197,109.9448,9939
2024-03-08 09:00:00,110.415,110.6342,110.2825,110.5312,5958
2024-03-08 10:00:00,110.2062,110.2781,109.974,110.0034,9296
2024-03-08 11:00:00,109.8933,109.9119,109.5591,109.7691,8291
2024-03-08 12:00:00,109.7243,109.8035,109.6076,109.7338,10205
2024-03-08 13:00:00,109.6002,109.6284,109.3724,109.5517,9512
2024-03-08 14:00:00,109.8298,109.9758,109.8124,109.9458,10466
2024-03-08 15:00:00,109.5571,109.5609,109.5101,109.5534,2783
2024-03-08 16:00:00,109.9529,109.9737,109.9391,109.9658,2573
2024-03-08 17:00:00,109.7561,109.7743,109.6363,109.6765,3807
2024-03-08 18:00:00,109.8876,109.9622,109.8428,109.9175,4063
2024-03-08 19:00:00,109.6013,109.8163,109.5762,109.7595,2472
2024-03-08 20:00:00,109.7476,109.8807,109.7315,109.8071,10472
2024-03-08 21:00:00,109.8434,110.1192,109.824,110.0077,4681
2024-03-08 22:00:00,110.0093,110.0457,109.9658,109.9738,8660
2024-03-08 23:00:00,109.3636,109.608,109.1971,109.2836,11000
2024-03-09 00:00:00,109.2244,109.3236,109.2158,109.308,1271
2024-03-09 01:00:00,109.136,109.2118,109.0656,109.1433,10014
2024-03-09 02:00:00,108.994,109.0707,108.7058,108.9452,7393
2024-03-09 03:00:00,109.1566,109.208,109.0622,109.1977,4476
2024-03-09 04:00:00,108.566,108.8057,108.4752,108.7121,5441
2024-03-09 05:00:00,108.7604,108.7871,108.6259,108.6936,7656
2024-03-09 06:00:00,108.5324,108.5407,108.2708,108.2859,5142
2024-03-09 07:00:00,109.017,109.0293,109.013,109.0183,8790
2024-03-09 08:00:00,109.2164,109.2686,109.2044,109.2065,10900
2024-03-09 09:00:00,108.7632,108.8188,108.6549,108.7196,12688
2024-03-09 10:00:00,108.2884,108.3624,108.2413,108.2911,10910
2024-03-09 11:00:00,108.4576,108.5794,108.3587,108.5656,3765
2024-03-09 12:00:00,108.8404,108.9297,108.7262,108.7873,4414
2024-03-09 13:00:00,108.4817,108.656,108.4748,108.4826,7130
2024-03-09 14:00:00,108.8224,108.9226,108.7661,108.9112,2194
2024-03-09 15:00:00,108.8015,108.9046,108.6838,108.7142,3775
2024-03-09 16:00:00,109.0702,109.0929,108.9083,108.9812,10311
2024-03-09 17:00:00,108.8295,108.8762,108.7987,108.8725,6787
2024-03-09 18:00:00,108.8405,108.9018,108.8383,108.8918,8010
2024-03-09 19:00:00,108.709,108.8578,108.7066,108.7479,9550
2024-03-09 20:00:00,108.6726,108.7257,108.6129,108.6206,8504
2024-03-09 21:00:00,108.4077,108.4275,108.1668,108.3525,5290
2024-03-09 22:00:00,107.4785,107.6529,107.4432,107.6042,3950
2024-03-09 23:00:00,107.5894,107.7033,107.5721,107.6502,6757
2024-03-10 00:00:00,107.9275,107.9748,107.8735,107.9006,11002
2024-03-10 01:00:00,107.2059,107.2495,107.1872,107.2203,15581
2024-03-10 02:00:00,106.9679,107.0278,106.8708,106.9836,4934
2024-03-10 03:00:00,106.4867,106.6513,106.4674,106.6088,13836
2024-03-10 04:00:00,106.4038,106.4749,106.2378,106.4337,4293
2024-03-10 05:00:00,106.3804,106.4051,106.2994,106.3377,7301
2024-03-10 06:00:00,106.2237,106.2444,106.0421,106.1472,8068
2024-03-10 07:00:00,106.0565,106.0802,106.0251,106.0734,8672
2024-03-10 08:00:00,106.277,106.2872,106.2583,106.2593,2491
2024-03-10 09:00:00,106.4904,106.5221,106.3808,106.4215,8289
2024-03-10 10:00:00,106.1185,106.3159,106.0053,106.2495,7845
2024-03-10 11:00:00,105.6283,105.7722,105.6253,105.7238,13320
2024-03-10 12:00:00,105.878,105.9415,105.8294,105.8563,5935
2024-03-10 13:00:00,105.6482,105.6917,105.6387,105.6738,7417
2024-03-10 14:00:00,105.6351,105.7649,105.4557,105.5254,9477
2024-03-10 15:00:00,105.6092,105.8649,105.541,105.6507,7749
2024-03-10 16:00:00,105.7237,105.7615,105.656,105.6592,2477
2024-03-10 17:00:00,105.8838,105.8865,105.6089,105.634,4790
2024-03-10 18:00:00,105.736,105.8211,105.6898,105.6981,2017
2024-03-10 19:00:00,105.9336,105.9509,105.8461,105.8804,1922
2024-03-10 20:00:00,106.0631,106.1408,105.8153,106.1369,6872
2024-03-10 21:00:00,106.0558,106.0652,106.0531,106.0534,1703
2024-03-10 22:00:00,105.8672,105.9847,105.8202,105.8904,7502
2024-03-10 23:00:00,105.8516,105.8727,105.8367,105.852,9232
2024-03-11 00:00:00,105.5896,105.6356,105.3577,105.5128,7375
2024-03-11 01:00:00,105.3485,105.4038,104.9567,105.1635,4838
2024-03-11 02:00:00,105.0305,105.1057,104.8789,104.9306,5176
2024-03-11 03:00:00,105.4018,105.572,105.3057,105.5326,12034
2024-03-11 04:00:00,105.3503,105.4753,105.267,105.2741,3689
2024-03-11 05:00:00,105.1927,105.336,105.081,105.2663,9584
2024-03-11 06:00:00,105.0663,105.1606,104.9586,105.112,8999
2024-03-11 07:00:00,105.1554,105.2405,105.0255,105.2011,5406
2024-03-11 08:00:00,105.1816,105.3387,105.1728,105.2749,6008
2024-03-11 09:00:00,105.5539,105.6526,105.4132,105.4893,9690
2024-03-11 10:00:00,105.6256,105.6475,105.5151,105.556,9815
2024-03-11 11:00:00,105.3546,105.4332,105.2593,105.2795,8185
2024-03-11 12:00:00,105.048,105.1158,104.8582,104.9348,2705
2024-03-11 13:00:00,104.9699,104.9799,104.9426,104.9674,2163
2024-03-11 14:00:00,105.223,105.363,105.1986,105.3245,12511
2024-03-11 15:00:00,105.6864,105.7288,105.5925,105.7184,8499
2024-03-11 16:00:00,104.7905,104.8054,104.7475,104.8006,17564
2024-03-11 17:00:00,104.4782,104.5616,104.4307,104.5552,5556
2024-03-11 18:00:00,104.6406,104.7916,104.6062,104.785,7357
2024-03-11 19:00:00,104.9173,105.0733,104.8933,104.9132,2235
2024-03-11 20:00:00,104.8994,104.9363,104.8868,104.8937,7013
2024-03-11 21:00:00,104.6839,104.6984,104.5229,104.6019,6327
2024-03-11 22:00:00,104.6467,104.7095,104.5078,104.5648,8041
2024-03-11 23:00:00,104.8703,105.0187,104.7554,105.0137,2570
2024-03-12 00:00:00,104.5789,104.6157,104.5151,104.5279,7617
2024-03-12 01:00:00,104.6111,104.6859,104.5493,104.6697,3078
2024-03-12 02:00:00,104.6751,104.7521,104.5963,104.6584,8076
2024-03-12 03:00:00,104.3063,104.3113,104.2831,104.3022,9310
2024-03-12 04:00:00,104.2794,104.3058,104.2167,104.2399,10033
2024-03-12 05:00:00,104.6445,104.6755,104.5989,104.6441,11541
2024-03-12 06:00:00,104.6334,104.6349,104.5587,104.5941,5379
2024-03-12 07:00:00,104.3318,104.3998,104.2812,104.3206,7905
2024-03-12 08:00:00,104.2383,104.3715,104.1429,104.3162,2137
2024-03-12 09:00:00,104.4369,104.4551,104.4069,104.4081,5144
2024-03-12 10:00:00,104.8503,104.9707,104.7437,104.871,8524
2024-03-12 11:00:00,104.7549,104.9121,104.6534,104.7257,1172
2024-03-12 12:00:00,104.4154,104.5312,104.3378,104.4983,5354
2024-03-12 13:00:00,104.5079,104.7069,104.4635,104.6119,7240
2024-03-12 14:00:00,104.6224,104.7469,104.5779,104.5899,2545
2024-03-12 15:00:00,104.3227,104.405,104.2953,104.3583,5373
2024-03-12 16:00:00,104.5076,104.5234,104.4494,104.4898,3862
2024-03-12 17:00:00,104.0888,104.1395,104.0824,104.1086,10979
2024-03-12 18:00:00,104.3584,104.3628,104.2752,104.318,3293
2024-03-12 19:00:00,104.3068,104.3946,104.2526,104.3577,4162
2024-03-12 20:00:00,104.0581,104.0941,103.9794,103.9815,4307
2024-03-12 21:00:00,104.109,104.2091,104.0507,104.104,5975
2024-03-12 22:00:00,104.279,104.302,104.147,104.2875,6027
2024-03-12 23:00:00,103.999,104.1337,103.9299,104.022,8997
2024-03-13 00:00:00,103.8962,104.0782,103.7073,104.0579,6550
2024-03-13 01:00:00,103.6147,103.6526,103.5211,103.6318,9538
2024-03-13 02:00:00,103.9331,103.9831,103.7026,103.7369,4321
2024-03-13 03:00:00,103.7476,103.9739,103.716,103.7378,9757
2024-03-13 04:00:00,103.5999,103.6481,103.5615,103.5691,1236
2024-03-13 05:00:00,103.8772,104.0035,103.7532,103.8787,8421
2024-03-13 06:00:00,104.168,104.2069,104.0265,104.1489,4004
2024-03-13 07:00:00,104.1534,104.1833,103.9488,104.1357,6543
2024-03-13 08:00:00,103.894,103.9321,103.8039,103.9181,7595
2024-03-13 09:00:00,103.8174,103.8274,103.7776,103.7956,7497
2024-03-13 10:00:00,103.6869,103.7791,103.6521,103.6604,10282
2024-03-13 11:00:00,103.3171,103.5896,103.2127,103.3876,6654
2024-03-13 12:00:00,103.5837,103.5884,103.5478,103.5607,10695
2024-03-13 13:00:00,103.6667,103.6965,103.5681,103.6754,5508
2024-03-13 14:00:00,103.7133,103.7816,103.6373,103.7352,1120
2024-03-13 15:00:00,103.567,103.637,103.4702,103.4825,7415
2024-03-13 16:00:00,103.478,103.6605,103.3659,103.5245,6387
2024-03-13 17:00:00,103.5478,103.5873,103.4066,103.4708,10155
2024-03-13 18:00:00,103.5021,103.5024,103.4582,103.4758,5212
2024-03-13 19:00:00,103.57,103.6387,103.4592,103.5551,1714
2024-03-13 20:00:00,103.5924,103.7405,103.5725,103.6995,5991
2024-03-13 21:00:00,103.4891,103.6748,103.417,103.5641,3731
2024-03-13 22:00:00,103.5337,103.5405,103.5278,103.5403,2672
2024-03-13 23:00:00,103.6309,103.6381,103.4957,103.6376,4760
2024-03-14 00:00:00,103.4995,103.5292,103.4615,103.4875,6564
2024-03-14 01:00:00,103.4475,103.4757,103.3832,103.4066,3171
2024-03-14 02:00:00,103.4844,103.537,103.417,103.4487,5601
2024-03-14 03:00:00,103.5704,103.6541,103.3762,103.6275,2309
2024-03-14 04:00:00,103.5627,103.6745,103.4755,103.5367,3529
2024-03-14 05:00:00,103.3524,103.4369,103.3519,103.3555,1539
2024-03-14 06:00:00,103.5045,103.5636,103.4653,103.5152,10811
2024-03-14 07:00:00,103.6189,103.6478,103.5533,103.5639,3021
2024-03-14 08:00:00,103.6929,103.7807,103.4814,103.7487,7948
2024-03-14 09:00:00,103.5569,103.6138,103.5407,103.6128,5441
2024-03-14 10:00:00,103.6814,103.7223,103.5791,103.6833,2046
2024-03-14 11:00:00,103.3843,103.4035,103.3298,103.3784,5441
2024-03-14 12:00:00,103.5615,103.5697,103.5061,103.5204,1257
2024-03-14 13:00:00,103.2752,103.4001,103.2272,103.3425,6352
2024-03-14 14:00:00,103.6055,103.6988,103.3852,103.6884,1388
2024-03-14 15:00:00,103.4319,103.5025,103.1181,103.2035,8174
2024-03-14 16:00:00,103.4448,103.5137,103.3471,103.4986,1228
2024-03-14 17:00:00,103.201,103.2996,103.1503,103.29,9890
2024-03-14 18:00:00,103.3568,103.3717,103.2562,103.3294,7657
2024-03-14 19:00:00,103.3893,103.3916,103.3716,103.385,6113
2024-03-14 20:00:00,103.2838,103.4063,103.2671,103.3412,5441
2024-03-14 21:00:00,103.5465,103.5596,103.4139,103.416,4965
2024-03-14 22:00:00,103.4687,103.5073,103.3662,103.4652,9455
2024-03-14 23:00:00,103.4812,103.7069,103.2829,103.297,1510
2024-03-15 00:00:00,103.5213,103.6431,103.4039,103.4557,7083
2024-03-15 01:00:00,103.6315,103.7479,103.457,103.5588,2250
2024-03-15 02:00:00,103.2745,103.2787,103.2386,103.2663,10914
2024-03-15 03:00:00,103.2442,103.3583,103.1172,103.1403,2849
2024-03-15 04:00:00,103.388,103.4426,103.3467,103.3478,8140
2024-03-15 05:00:00,103.5583,103.5722,103.4531,103.5264,2567
2024-03-15 06:00:00,103.5463,103.6405,103.536,103.6383,2113
2024-03-15 07:00:00,103.5507,103.6919,103.4832,103.662,3567
2024-03-15 08:00:00,103.6857,103.8466,103.6545,103.729,6939
2024-03-15 09:00:00,103.6169,103.781,103.5999,103.6876,9054
2024-03-15 10:00:00,103.6678,103.7447,103.639,103.6971,9211
2024-03-15 11:00:00,103.7053,103.8427,103.7025,103.719,7343
2024-03-15 12:00:00,103.8177,103.8467,103.7873,103.8416,3471
2024-03-15 13:00:00,103.8233,103.8295,103.8145,103.828,2244
2024-03-15 14:00:00,103.9298,103.9401,103.8988,103.9027,9487
2024-03-15 15:00:00,103.8824,103.9028,103.7743,103.8297,9900
2024-03-15 16:00:00,103.8571,104.0332,103.7247,104.0233,4154
2024-03-15 17:00:00,104.0671,104.1059,104.0491,104.0863,2201
2024-03-15 18:00:00,104.0601,104.2822,104.0312,104.264,9720
2024-03-15 19:00:00,104.072,104.2446,104.0585,104.2142,3572
2024-03-15 20:00:00,104.1843,104.2171,104.0479,104.0981,3672
2024-03-15 21:00:00,104.2688,104.2801,104.243,104.2524,8133
2024-03-15 22:00:00,104.3839,104.4695,104.2821,104.3267,3997
2024-03-15 23:00:00,104.4769,104.5431,104.3673,104.4301,1947
2024-03-16 00:00:00,104.6053,104.6063,104.5471,104.595,11150
2024-03-16 01:00:00,104.4507,104.5052,104.3908,104.4937,8683
2024-03-16 02:00:00,104.2186,104.4677,104.153,104.1925,7286
2024-03-16 03:00:00,104.2825,104.3416,104.2531,104.3396,8378
2024-03-16 04:00:00,104.3383,104.3544,104.333,104.3432,5857
2024-03-16 05:00:00,104.2659,104.2873,104.24,104.2411,1272
2024-03-16 06:00:00,104.5214,104.5755,104.4302,104.5125,8951
2024-03-16 07:00:00,104.425,104.4899,104.3125,104.4495,7300
2024-03-16 08:00:00,104.2878,104.4479,104.2794,104.3384,5879
2024-03-16 09:00:00,104.3586,104.3841,104.2164,104.3437,6323
2024-03-16 10:00:00,104.1584,104.2065,104.1408,104.1947,4245
2024-03-16 11:00:00,104.0956,104.1134,104.0238,104.0945,6047
2024-03-16 12:00:00,104.4484,104.4498,104.3169,104.406,9414
2024-03-16 13:00:00,104.4552,104.4784,104.2873,104.447,7465
2024-03-16 14:00:00,104.4993,104.5634,104.3691,104.4031,9057
2024-03-16 15:00:00,104.5415,104.5475,104.4053,104.516,6988
2024-03-16 16:00:00,104.4398,104.5318,104.2501,104.4181,7715
2024-03-16 17:00:00,104.2975,104.377,104.283,104.3184,5956
2024-03-16 18:00:00,104.2534,104.5298,104.2213,104.2444,6700
2024-03-16 19:00:00,104.2407,104.4805,104.2312,104.3822,8698
2024-03-16 20:00:00,104.3261,104.3674,104.297,104.3021,3193
2024-03-16 21:00:00,104.3693,104.5238,104.3596,104.5084,5012
2024-03-16 22:00:00,104.492,104.4956,104.4912,104.4941,6313
2024-03-16 23:00:00,104.487,104.5598,104.4475,104.4736,3197
2024-03-17 00:00:00,104.5489,104.564,104.5164,104.5213,9841
2024-03-17 01:00:00,104.253,104.3345,104.1817,104.197,4031
2024-03-17 02:00:00,103.9901,104.0117,103.9821,104.0003,11456
2024-03-17 03:00:00,103.8884,103.9163,103.8633,103.9146,6504
2024-03-17 04:00:00,104.153,104.1921,103.8671,104.0331,1596
2024-03-17 05:00:00,103.9088,104.0601,103.8679,103.9399,9171
2024-03-17 06:00:00,104.0783,104.171,103.9721,104.1359,6894
2024-03-17 07:00:00,103.8031,103.8549,103.6552,103.7444,9903
2024-03-17 08:00:00,103.962,104.1262,103.8567,104.0563,1895
2024-03-17 09:00:00,104.132,104.1579,104.0847,104.1005,5090
2024-03-17 10:00:00,104.1333,104.1915,103.9447,104.0169,1153
2024-03-17 11:00:00,103.9278,103.9726,103.8534,103.9594,10695
2024-03-17 12:00:00,103.5244,103.6189,103.486,103.5483,10094
2024-03-17 13:00:00,103.4593,103.4671,103.2786,103.3111,5048
2024-03-17 14:00:00,103.6769,103.7534,103.5111,103.5633,3021
2024-03-17 15:00:00,103.5168,103.5184,103.4652,103.4727,3263
2024-03-17 16:00:00,103.6371,103.6456,103.5485,103.5674,6901
2024-03-17 17:00:00,103.6147,103.7019,103.5544,103.6566,2093
2024-03-17 18:00:00,103.6819,103.7551,103.5387,103.6398,3095
2024-03-17 19:00:00,103.4419,103.5305,103.4358,103.4542,6098
2024-03-17 20:00:00,103.4046,103.4905,103.3816,103.4699,4617
2024-03-17 21:00:00,103.1337,103.1691,103.0059,103.0764,4478
2024-03-17 22:00:00,103.0747,103.1022,102.9564,103.0177,2412
2024-03-17 23:00:00,103.0426,103.0866,103.0168,103.0366,8199
2024-03-18 00:00:00,103.1959,103.2886,103.0709,103.1799,8656
2024-03-18 01:00:00,102.9812,103.383,102.9748,103.3111,8110
2024-03-18 02:00:00,103.2372,103.2551,103.1515,103.1888,3042
2024-03-18 03:00:00,103.1936,103.2996,103.1618,103.2643,6980
2024-03-18 04:00:00,102.9873,103.1837,102.9421,103.0814,11494
2024-03-18 05:00:00,103.0955,103.1894,103.07,103.186,4243
2024-03-18 06:00:00,103.2075,103.2446,103.1204,103.2366,7606
2024-03-18 07:00:00,103.6066,103.6474,103.4044,103.5159,10956
2024-03-18 08:00:00,103.5075,103.6187,103.5,103.5504,5587
2024-03-18 09:00:00,103.7125,103.9058,103.6697,103.7274,7752
2024-03-18 10:00:00,103.6795,103.8065,103.6562,103.7429,9578
2024-03-18 11:00:00,103.5756,103.6005,103.4864,103.4882,2570
2024-03-18 12:00:00,103.6555,103.7143,103.4965,103.6862,4912
2024-03-18 13:00:00,103.5469,103.5858,103.4078,103.4847,1330
2024-03-18 14:00:00,103.412,103.4887,103.2281,103.4054,8520
2024-03-18 15:00:00,103.6057,103.6649,103.5343,103.5867,4881
2024-03-18 16:00:00,103.3525,103.4666,103.3446,103.4347,5706
2024-03-18 17:00:00,103.4338,103.5291,103.409,103.4493,2481
2024-03-18 18:00:00,103.6883,103.7539,103.6872,103.6997,11423
2024-03-18 19:00:00,103.7969,103.8368,103.7853,103.8094,3728
2024-03-18 20:00:00,103.4934,103.6412,103.4101,103.6386,10314
2024-03-18 21:00:00,103.3315,103.4071,103.2922,103.3456,11729
2024-03-18 22:00:00,103.2612,103.2843,103.2612,103.2755,3906
2024-03-18 23:00:00,103.2763,103.2969,103.2496,103.2687,1691
2024-03-19 00:00:00,103.4812,103.6032,103.4708,103.5272,9927
2024-03-19 01:00:00,103.4757,103.6187,103.3743,103.5696,9252
2024-03-19 02:00:00,103.5223,103.5764,103.416,103.5144,5710
2024-03-19 03:00:00,103.3734,103.4389,103.1341,103.2237,11004
2024-03-19 04:00:00,103.5613,103.5925,103.4511,103.5536,9289
2024-03-19 05:00:00,103.5547,103.6914,103.421,103.505,10891
2024-03-19 06:00:00,103.3359,103.4051,103.2921,103.3035,7741
2024-03-19 07:00:00,103.1662,103.2661,103.1386,103.1722,5465
2024-03-19 08:00:00,103.3023,103.4658,103.1454,103.2706,8101
2024-03-19 09:00:00,103.397,103.4862,103.3941,103.4582,10520
2024-03-19 10:00:00,103.5569,103.6037,103.4933,103.5358,3486
2024-03-19 11:00:00,103.9142,104.0366,103.7314,104.017,8339
2024-03-19 12:00:00,103.9262,103.9631,103.858,103.8666,5439
2024-03-19 13:00:00,103.8555,103.8947,103.7465,103.8739,4972
2024-03-19 14:00:00,103.5083,103.8998,103.4748,103.5967,9812
2024-03-19 15:00:00,103.6043,103.6274,103.5453,103.563,5883
2024-03-19 16:00:00,103.594,103.5971,103.4609,103.4981,10784
2024-03-19 17:00:00,103.883,104.0058,103.8516,103.9585,8507
2024-03-19 18:00:00,103.9291,103.9447,103.924,103.9323,5277
2024-03-19 19:00:00,104.0646,104.1227,103.9977,104.1142,3504
2024-03-19 20:00:00,104.1547,104.2827,104.1448,104.1578,7620
2024-03-19 21:00:00,104.0868,104.279,104.0527,104.2525,2966
2024-03-19 22:00:00,103.9817,104.0829,103.9475,103.9981,5321
2024-03-19 23:00:00,104.0767,104.1273,103.9679,104.036,9183
2024-03-20 00:00:00,103.977,104.0522,103.9518,103.9658,1582
2024-03-20 01:00:00,104.0351,104.2118,104.0135,104.1626,5406
2024-03-20 02:00:00,103.9783,103.9904,103.9306,103.9579,6561
2024-03-20 03:00:00,103.9969,104.0186,103.9544,103.9898,2188
2024-03-20 04:00:00,103.755,103.7912,103.7475,103.7484,11811
2024-03-20 05:00:00,104.0357,104.0839,104.0122,104.0278,12234
2024-03-20 06:00:00,104.3633,104.475,104.265,104.314,9615
2024-03-20 07:00:00,104.1777,104.3024,104.1053,104.2128,7570
2024-03-20 08:00:00,104.1553,104.2356,104.1529,104.1642,6093
2024-03-20 09:00:00,103.9571,103.989,103.8348,103.9383,12121
2024-03-20 10:00:00,103.3284,103.383,103.2636,103.3154,4433
2024-03-20 11:00:00,103.6318,103.6881,103.6078,103.6366,2780
2024-03-20 12:00:00,103.8432,103.9682,103.8122,103.9265,7420
2024-03-20 13:00:00,103.7573,103.8308,103.7472,103.7997,3048
2024-03-20 14:00:00,103.9178,104.0281,103.856,103.9064,7230
2024-03-20 15:00:00,103.742,103.9714,103.6867,103.9002,9846
2024-03-20 16:00:00,103.9237,104.0022,103.6684,103.7213,8110
2024-03-20 17:00:00,103.8946,103.9681,103.7787,103.7978,3484
2024-03-20 18:00:00,103.3439,103.5304,103.2933,103.3624,6382
2024-03-20 19:00:00,103.1366,103.212,103.0955,103.1157,10768
2024-03-20 20:00:00,102.6661,102.7478,102.6116,102.6378,9597
2024-03-20 21:00:00,102.887,102.9064,102.7269,102.9013,1253
2024-03-20 22:00:00,102.2859,102.3198,102.2761,102.294,11972
2024-03-20 23:00:00,102.0076,102.0891,101.9658,102.0355,2713
2024-03-21 00:00:00,102.1185,102.1304,101.8333,101.9878,4049
2024-03-21 01:00:00,101.6445,101.7542,101.588,101.6177,11739
2024-03-21 02:00:00,101.5417,101.6524,101.5188,101.6478,4678
2024-03-21 03:00:00,101.4408,101.5441,101.2346,101.4037,1772
2024-03-21 04:00:00,101.5329,101.5412,101.3179,101.334,2166
2024-03-21 05:00:00,101.5778,101.5889,101.3494,101.5371,4631
2024-03-21 06:00:00,100.9545,101.043,100.889,100.9545,5621
2024-03-21 07:00:00,101.4959,101.5591,101.2208,101.4868,3319
2024-03-21 08:00:00,101.5548,101.5582,101.5526,101.556,1764
2024-03-21 09:00:00,101.8901,101.9103,101.8535,101.8939,9613
2024-03-21 10:00:00,101.8616,101.9357,101.7815,101.8789,6952
2024-03-21 11:00:00,101.3629,101.4344,101.281,101.3329,13589
2024-03-21 12:00:00,101.081,101.1259,101.0633,101.1055,4688
2024-03-21 13:00:00,100.8518,100.9707,100.7984,100.8894,8612
2024-03-21 14:00:00,100.8608,100.9454,100.8258,100.8761,8840
2024-03-21 15:00:00,101.1164,101.2185,100.9996,101.0986,8356
2024-03-21 16:00:00,101.0275,101.2016,100.9732,101.0882,9703
2024-03-21 17:00:00,101.4158,101.6065,101.3792,101.523,6107
2024-03-21 18:00:00,101.6266,101.7019,101.6189,101.6954,5182
2024-03-21 19:00:00,101.2464,101.255,101.1692,101.1793,11279
2024-03-21 20:00:00,101.3927,101.4581,101.3054,101.3994,4490
2024-03-21 21:00:00,101.3664,101.4467,101.3415,101.4337,4939
2024-03-21 22:00:00,101.2691,101.3314,101.0924,101.1357,7847
2024-03-21 23:00:00,101.51,101.589,101.4542,101.5859,2628
2024-03-22 00:00:00,101.75,101.9382,101.6857,101.7627,1312
2024-03-22 01:00:00,101.638,101.7837,101.5684,101.6244,3901
2024-03-22 02:00:00,100.8993,101.053,100.7845,100.9566,8269
2024-03-22 03:00:00,101.1392,101.1549,100.9768,101.0079,10981
2024-03-22 04:00:00,101.0152,101.2596,100.9753,101.0808,3006
2024-03-22 05:00:00,101.4138,101.4422,101.3026,101.3428,10919
2024-03-22 06:00:00,101.6406,101.6878,101.5921,101.6178,2775
2024-03-22 07:00:00,101.4044,101.4119,101.2602,101.3551,8735
2024-03-22 08:00:00,101.6364,101.7885,101.6004,101.7614,2913
2024-03-22 09:00:00,101.2172,101.3929,101.2165,101.277,5432
2024-03-22 10:00:00,101.0334,101.2138,100.9965,101.0196,2720
2024-03-22 11:00:00,100.6822,100.7528,100.6629,100.7507,5333
2024-03-22 12:00:00,100.4849,100.6376,100.3932,100.5314,6622
2024-03-22 13:00:00,100.7234,100.7265,100.6262,100.6436,9573
2024-03-22 14:00:00,100.6421,100.6536,100.611,100.6352,8576
2024-03-22 15:00:00,100.3661,100.4157,100.3533,100.3942,5002
2024-03-22 16:00:00,100.3499,100.5608,100.3064,100.5269,7369
2024-03-22 17:00:00,100.591,100.6441,100.4842,100.5133,4095
2024-03-22 18:00:00,100.7991,100.9759,100.7445,100.8512,2826
2024-03-22 19:00:00,100.5764,100.784,100.5555,100.5811,9962
2024-03-22 20:00:00,100.6982,100.8122,100.6575,100.6645,3217
2024-03-22 21:00:00,100.9405,101.1263,100.9282,100.9637,3640
2024-03-22 22:00:00,101.6864,101.8161,101.6257,101.6355,15557
2024-03-22 23:00:00,101.7827,101.9019,101.5508,101.8434,1564
2024-03-23 00:00:00,101.5998,101.6843,101.5388,101.5821,11157
2024-03-23 01:00:00,101.8826,101.8897,101.8753,101.8876,5835
2024-03-23 02:00:00,101.3653,101.4648,101.3215,101.3738,12114
2024-03-23 03:00:00,101.3854,101.4596,101.3443,101.4114,6700
2024-03-23 04:00:00,101.6689,101.7329,101.5593,101.5729,2368
2024-03-23 05:00:00,101.4324,101.5959,101.4104,101.5719,6507
2024-03-23 06:00:00,100.8979,101.0748,100.8762,100.9299,9028
2024-03-23 07:00:00,100.9183,100.956,100.8182,100.8468,5036
2024-03-23 08:00:00,100.5339,100.5482,100.3181,100.4399,9941
2024-03-23 09:00:00,100.1837,100.363,100.0916,100.21,1337
2024-03-23 10:00:00,100.2172,100.2195,99.9593,100.0716,5053
2024-03-23 11:00:00,100.1242,100.2185,100.1206,100.1389,7647
2024-03-23 12:00:00,99.7816,99.8527,99.7581,99.8229,9507
2024-03-23 13:00:00,99.5815,99.6004,99.5672,99.5885,5645
2024-03-23 14:00:00,99.5935,99.6142,99.4036,99.4403,3907
2024-03-23 15:00:00,99.6509,99.7368,99.5426,99.7284,10938
2024-03-23 16:00:00,100.0947,100.1135,100.0065,100.0748,10805
2024-03-23 17:00:00,100.1605,100.1656,99.9882,100.1172,9932
2024-03-23 18:00:00,100.4035,100.4405,100.1255,100.1994,3595
2024-03-23 19:00:00,100.6671,100.673,100.5872,100.6312,1669
2024-03-23 20:00:00,100.9161,101.0165,100.9051,100.9534,12875
2024-03-23 21:00:00,100.8074,100.8438,100.7297,100.7683,2334
2024-03-23 22:00:00,100.7317,100.8346,100.6982,100.7871,8423
2024-03-23 23:00:00,100.2377,100.2662,100.0583,100.145,9748
2024-03-24 00:00:00,100.0165,100.0427,99.9046,100.0406,8385
2024-03-24 01:00:00,99.7701,100.0744,99.6952,99.8585,8253
2024-03-24 02:00:00,99.8936,99.9575,99.6518,99.8326,10533
2024-03-24 03:00:00,99.9543,100.0745,99.9503,100.0616,5384
2024-03-24 04:00:00,100.0046,100.1227,99.9658,99.9686,4803
2024-03-24 05:00:00,100.0337,100.1392,100.0106,100.1152,4432
2024-03-24 06:00:00,99.9731,100.1095,99.762,99.8263,7410
2024-03-24 07:00:00,99.8048,99.9381,99.7278,99.8129,8033
